0.849466,0.861153,0.739912,0.849171,0.857348,0.729796,0.848578,0.853150,0.718619,0.844345,0.853473,0.707355,0.838220,0.852082,0.694727,0.830645,0.845103,0.694630,
0.817036,0.831793,0.691325,0.816585,0.826503,0.679310,0.815834,0.820746,0.666250,0.809909,0.821015,0.653101,0.801950,0.819485,0.638929,0.792504,0.810731,0.639964,
0.776891,0.795309,0.638407,0.776524,0.788334,0.625108,0.775876,0.780848,0.610901,0.768120,0.781328,0.596702,0.758283,0.779981,0.581949,0.746919,0.769315,0.584278,
0.729576,0.751897,0.584701,0.729708,0.743290,0.571036,0.729603,0.734194,0.556664,0.720199,0.735308,0.542446,0.708816,0.734639,0.528150,0.695873,0.722246,0.531721,
0.677515,0.703364,0.534062,0.678641,0.693517,0.520929,0.679578,0.683286,0.507276,0.669070,0.685506,0.493903,0.656833,0.686048,0.480826,0.643030,0.672484,0.485454,
0.624662,0.653021,0.489453,0.627148,0.642585,0.477450,0.629481,0.631922,0.465053,0.618595,0.635570,0.453000,0.606314,0.637681,0.441487,0.592495,0.623707,0.446961,
0.575057,0.604611,0.452283,0.578989,0.594245,0.441636,0.582794,0.583817,0.430654,0.572165,0.588937,0.420031,0.560476,0.592681,0.410078,0.547306,0.578987,0.416207,
0.531385,0.560968,0.422533,0.536597,0.551135,0.413192,0.541705,0.541369,0.403533,0.531716,0.547772,0.394214,0.520954,0.552967,0.385629,0.508789,0.539999,0.392255,
0.494586,0.523416,0.399318,0.500795,0.514332,0.391099,0.506922,0.505402,0.382559,0.497715,0.512794,0.374330,0.487961,0.519145,0.366861,0.476898,0.507097,0.373861,
0.464353,0.492024,0.381454,0.471272,0.483723,0.374144,0.478133,0.475631,0.366502,0.469695,0.483723,0.359142,0.460887,0.490930,0.352549,0.450870,0.479828,0.359830,
0.439797,0.466170,0.367801,0.447194,0.458591,0.361207,0.454556,0.451253,0.354266,0.446803,0.459814,0.347584,0.438818,0.467626,0.341669,0.429728,0.457401,0.349163,
0.419909,0.444997,0.357404,0.427614,0.438042,0.351365,0.435303,0.431348,0.344967,0.428133,0.440207,0.338810,0.420837,0.448435,0.333415,0.412540,0.438985,0.341074,
0.403766,0.427655,0.349508,0.411662,0.421224,0.343900,0.419557,0.415066,0.337921,0.412868,0.424104,0.332169,0.406142,0.432612,0.327173,0.398510,0.423827,0.334964,
0.390602,0.413406,0.343537,0.398609,0.407408,0.338263,0.406627,0.401690,0.332607,0.400334,0.410828,0.327170,0.394073,0.419519,0.322482,0.386996,0.411300,0.330379,
0.379804,0.401642,0.339054,0.387872,0.395999,0.334040,0.395957,0.390642,0.328633,0.389985,0.399827,0.323441,0.384106,0.408636,0.318990,0.377492,0.400895,0.326977,
0.370892,0.391877,0.335725,0.378987,0.386524,0.330914,0.387104,0.381463,0.325700,0.381394,0.390663,0.320699,0.375826,0.399543,0.316432,0.369600,0.392204,0.324496,
0.363494,0.383725,0.333298,0.371594,0.378610,0.328644,0.379717,0.373793,0.323580,0.374222,0.382986,0.318728,0.368911,0.391907,0.314604,0.363008,0.384907,0.322735,
0.357316,0.376882,0.331576,0.365408,0.371963,0.327046,0.373523,0.367347,0.322097,0.368202,0.376520,0.317362,0.363103,0.385460,0.313348,0.357474,0.378749,0.321538,
0.352129,0.371108,0.330408,0.360206,0.366350,0.325975,0.368301,0.361901,0.321113,0.363124,0.371047,0.316470,0.358202,0.379992,0.312542,0.352804,0.373524,0.320785,
0.347754,0.366210,0.329674,0.355809,0.361587,0.325317,0.363880,0.357277,0.320522,0.358820,0.366391,0.315950,0.354045,0.375331,0.312088,0.348844,0.369072,0.320380,
0.344045,0.362037,0.329282,0.352077,0.357524,0.324983,0.360119,0.353332,0.320239,0.355156,0.362413,0.315721,0.350505,0.371341,0.311909,0.345472,0.365260,0.320246,
0.340887,0.358465,0.329156,0.348895,0.354044,0.324902,0.356907,0.349952,0.320194,0.352023,0.358999,0.315719,0.347477,0.367911,0.311945,0.342589,0.361982,0.320323,
0.338188,0.355394,0.329237,0.346172,0.351051,0.325018,0.354152,0.347042,0.320335,0.349334,0.356057,0.315892,0.344878,0.364950,0.312147,0.340115,0.359153,0.320562,
0.335873,0.352743,0.329476,0.343833,0.348465,0.325283,0.351781,0.344528,0.320618,0.347018,0.353511,0.316198,0.342637,0.362384,0.312474,0.337983,0.356700,0.320923,
0.333880,0.350446,0.329836,0.341816,0.346222,0.325662,0.349733,0.342348,0.321007,0.345015,0.351301,0.316605,0.340699,0.360152,0.312896,0.336140,0.354567,0.321377,
0.332158,0.348448,0.330286,0.340072,0.344270,0.326126,0.347958,0.340450,0.321475,0.343277,0.349374,0.317085,0.339018,0.358203,0.313386,0.334541,0.352704,0.321897,
0.330665,0.346704,0.330801,0.338559,0.342565,0.326650,0.346414,0.338791,0.321999,0.341764,0.347689,0.317617,0.337554,0.356496,0.313925,0.333150,0.351072,0.322463,
0.329367,0.345176,0.331360,0.337242,0.341070,0.327215,0.345068,0.337338,0.322561,0.340443,0.346211,0.318183,0.336276,0.354996,0.314495,0.331937,0.349637,0.323059,
0.328236,0.343833,0.331947,0.336092,0.339754,0.327806,0.343889,0.336059,0.323146,0.339285,0.344910,0.318770,0.335156,0.353673,0.315083,0.330874,0.348371,0.323671,
0.327246,0.342648,0.332551,0.335086,0.338593,0.328411,0.342855,0.334932,0.323742,0.338268,0.343760,0.319366,0.334172,0.352503,0.315680,0.329942,0.347251,0.324289,
0.326379,0.341600,0.333160,0.334203,0.337565,0.329019,0.341944,0.333933,0.324341,0.337371,0.342742,0.319963,0.333305,0.351464,0.316276,0.329121,0.346256,0.324905,
0.325616,0.340669,0.333767,0.333426,0.336652,0.329624,0.341140,0.333048,0.324934,0.336579,0.341838,0.320553,0.332540,0.350539,0.316865,0.328397,0.345371,0.325513,
0.324944,0.339840,0.334365,0.332740,0.335838,0.330220,0.340429,0.332259,0.325517,0.335876,0.341033,0.321132,0.331862,0.349714,0.317442,0.327757,0.344580,0.326108,
0.324351,0.339100,0.334949,0.332134,0.335111,0.330801,0.339797,0.331555,0.326086,0.335252,0.340313,0.321696,0.331260,0.348975,0.318004,0.327189,0.343872,0.326685,
0.323825,0.338437,0.335516,0.331597,0.334459,0.331366,0.339235,0.330925,0.326636,0.334695,0.339669,0.322241,0.330725,0.348311,0.318547,0.326685,0.343235,0.327244,
0.323359,0.337842,0.336064,0.331120,0.333873,0.331910,0.338734,0.330360,0.327166,0.334198,0.339090,0.322766,0.330247,0.347714,0.319069,0.326236,0.342662,0.327780,
0.322945,0.337305,0.336591,0.330696,0.333345,0.332432,0.338286,0.329851,0.327674,0.333753,0.338569,0.323268,0.329821,0.347175,0.319570,0.325836,0.342144,0.328294,
0.322576,0.336820,0.337094,0.330317,0.332868,0.332932,0.337885,0.329392,0.328160,0.333353,0.338099,0.323748,0.329439,0.346688,0.320048,0.325478,0.341676,0.328784,
0.322247,0.336381,0.337574,0.329980,0.332435,0.333409,0.337524,0.328978,0.328621,0.332994,0.337675,0.324204,0.329096,0.346245,0.320503,0.325158,0.341250,0.329251,
0.321954,0.335983,0.338031,0.329679,0.332042,0.333862,0.337200,0.328603,0.329060,0.332670,0.337290,0.324637,0.328788,0.345844,0.320935,0.324871,0.340863,0.329693,
0.321692,0.335620,0.338464,0.329409,0.331684,0.334292,0.336908,0.328262,0.329475,0.332377,0.336941,0.325047,0.328511,0.345477,0.321345,0.324614,0.340510,0.330113,
0.321457,0.335289,0.338874,0.329167,0.331357,0.334698,0.336644,0.327953,0.329867,0.332112,0.336623,0.325434,0.328261,0.345143,0.321732,0.324383,0.340187,0.330509,
0.321247,0.334986,0.339261,0.328951,0.331058,0.335082,0.336405,0.327670,0.330237,0.331872,0.336334,0.325798,0.328036,0.344837,0.322097,0.324175,0.339892,0.330883,
0.321059,0.334708,0.339626,0.328757,0.330784,0.335445,0.336189,0.327413,0.330585,0.331655,0.336070,0.326141,0.327833,0.344557,0.322441,0.323989,0.339620,0.331235,
0.320891,0.334453,0.339969,0.328583,0.330532,0.335786,0.335993,0.327178,0.330912,0.331456,0.335829,0.326463,0.327649,0.344300,0.322765,0.323821,0.339371,0.331567,
0.320740,0.334219,0.340292,0.328427,0.330300,0.336107,0.335815,0.326963,0.331219,0.331276,0.335609,0.326766,0.327483,0.344063,0.323070,0.323670,0.339141,0.331879,
0.320605,0.334002,0.340595,0.328288,0.330086,0.336408,0.335654,0.326765,0.331507,0.331112,0.335407,0.327049,0.327333,0.343845,0.323356,0.323535,0.338928,0.332172,
0.320484,0.333801,0.340880,0.328163,0.329887,0.336692,0.335507,0.326584,0.331777,0.330961,0.335221,0.327314,0.327197,0.343643,0.323625,0.323413,0.338732,0.332447,
0.320377,0.333616,0.341147,0.328051,0.329704,0.336957,0.335373,0.326418,0.332029,0.330824,0.335051,0.327562,0.327074,0.343457,0.323876,0.323304,0.338549,0.332704,
0.320281,0.333444,0.341397,0.327952,0.329534,0.337206,0.335251,0.326264,0.332265,0.330699,0.334895,0.327794,0.326963,0.343285,0.324112,0.323207,0.338380,0.332946,
0.320196,0.333283,0.341631,0.327863,0.329375,0.337440,0.335140,0.326123,0.332485,0.330584,0.334751,0.328010,0.326862,0.343125,0.324333,0.323119,0.338223,0.333172,
0.320120,0.333134,0.341850,0.327785,0.329227,0.337658,0.335039,0.325993,0.332691,0.330478,0.334618,0.328212,0.326772,0.342976,0.324540,0.323041,0.338076,0.333384,
0.320054,0.332994,0.342055,0.327715,0.329089,0.337863,0.334947,0.325873,0.332882,0.330382,0.334496,0.328401,0.326690,0.342837,0.324734,0.322972,0.337939,0.333583,
0.319996,0.332864,0.342246,0.327654,0.328960,0.338055,0.334863,0.325762,0.333061,0.330293,0.334383,0.328576,0.326616,0.342709,0.324916,0.322911,0.337811,0.333769,
0.319945,0.332742,0.342425,0.327601,0.328839,0.338234,0.334786,0.325660,0.333228,0.330212,0.334280,0.328740,0.326550,0.342588,0.325085,0.322857,0.337691,0.333943,
0.319901,0.332627,0.342593,0.327555,0.328725,0.338402,0.334717,0.325565,0.333383,0.330138,0.334184,0.328892,0.326491,0.342476,0.325244,0.322810,0.337579,0.334106,
0.319864,0.332518,0.342749,0.327516,0.328618,0.338559,0.334653,0.325477,0.333527,0.330069,0.334095,0.329033,0.326438,0.342370,0.325392,0.322769,0.337473,0.334258,
0.319832,0.332416,0.342895,0.327482,0.328517,0.338706,0.334596,0.325396,0.333662,0.330006,0.334014,0.329165,0.326391,0.342272,0.325531,0.322734,0.337373,0.334401,
0.319806,0.332320,0.343032,0.327455,0.328422,0.338844,0.334544,0.325321,0.333787,0.329948,0.333938,0.329287,0.326349,0.342179,0.325661,0.322705,0.337279,0.334535,
0.319785,0.332229,0.343160,0.327432,0.328332,0.338973,0.334496,0.325251,0.333903,0.329895,0.333869,0.329401,0.326313,0.342092,0.325783,0.322680,0.337190,0.334660,
0.319769,0.332142,0.343279,0.327414,0.328246,0.339093,0.334453,0.325186,0.334011,0.329846,0.333804,0.329506,0.326281,0.342010,0.325897,0.322660,0.337105,0.334777,
0.319757,0.332060,0.343391,0.327401,0.328165,0.339207,0.334415,0.325126,0.334112,0.329801,0.333745,0.329604,0.326253,0.341932,0.326003,0.322644,0.337025,0.334887,
0.319750,0.331981,0.343495,0.327393,0.328087,0.339313,0.334380,0.325070,0.334205,0.329760,0.333690,0.329695,0.326229,0.341859,0.326103,0.322632,0.336949,0.334990,
0.319746,0.331906,0.343593,0.327388,0.328013,0.339412,0.334349,0.325018,0.334292,0.329722,0.333640,0.329779,0.326209,0.341790,0.326197,0.322624,0.336877,0.335087,
0.319746,0.331834,0.343684,0.327387,0.327942,0.339505,0.334321,0.324970,0.334372,0.329687,0.333593,0.329857,0.326192,0.341725,0.326284,0.322620,0.336807,0.335177,
0.319750,0.331766,0.343769,0.327390,0.327874,0.339593,0.334296,0.324925,0.334447,0.329655,0.333550,0.329929,0.326179,0.341662,0.326367,0.322619,0.336741,0.335262,
0.319757,0.331699,0.343850,0.327396,0.327808,0.339675,0.334274,0.324883,0.334516,0.329625,0.333511,0.329996,0.326169,0.341603,0.326444,0.322621,0.336677,0.335342,
0.319767,0.331636,0.343925,0.327405,0.327745,0.339752,0.334254,0.324844,0.334580,0.329598,0.333474,0.330058,0.326161,0.341547,0.326516,0.322626,0.336616,0.335417,
0.319780,0.331574,0.343995,0.327418,0.327684,0.339825,0.334237,0.324808,0.334640,0.329573,0.333441,0.330115,0.326156,0.341493,0.326584,0.322634,0.336557,0.335488,
0.319795,0.331514,0.344061,0.327433,0.327625,0.339893,0.334223,0.324775,0.334695,0.329550,0.333411,0.330168,0.326154,0.341442,0.326647,0.322645,0.336501,0.335554,
0.319814,0.331456,0.344123,0.327451,0.327568,0.339957,0.334210,0.324744,0.334746,0.329529,0.333383,0.330216,0.326154,0.341393,0.326707,0.322658,0.336446,0.335617,
0.319835,0.331400,0.344181,0.327472,0.327512,0.340018,0.334200,0.324715,0.334794,0.329509,0.333358,0.330261,0.326156,0.341345,0.326764,0.322674,0.336393,0.335676,
0.319858,0.331345,0.344236,0.327495,0.327458,0.340076,0.334191,0.324688,0.334837,0.329492,0.333335,0.330302,0.326160,0.341300,0.326817,0.322692,0.336341,0.335732,
0.319884,0.331291,0.344287,0.327521,0.327405,0.340130,0.334184,0.324663,0.334878,0.329475,0.333314,0.330340,0.326166,0.341257,0.326867,0.322712,0.336290,0.335784,
0.319913,0.331238,0.344336,0.327549,0.327353,0.340181,0.334179,0.324640,0.334915,0.329460,0.333296,0.330374,0.326174,0.341215,0.326914,0.322735,0.336241,0.335834,
0.319943,0.331187,0.344382,0.327579,0.327302,0.340230,0.334176,0.324619,0.334950,0.329446,0.333279,0.330406,0.326184,0.341174,0.326959,0.322759,0.336193,0.335881,
0.319976,0.331136,0.344425,0.327612,0.327252,0.340276,0.334173,0.324599,0.334981,0.329434,0.333265,0.330435,0.326196,0.341135,0.327001,0.322786,0.336146,0.335926,
0.320011,0.331086,0.344466,0.327647,0.327202,0.340320,0.334173,0.324581,0.335011,0.329422,0.333252,0.330462,0.326209,0.341097,0.327040,0.322815,0.336100,0.335968,
0.320048,0.331036,0.344504,0.327684,0.327154,0.340361,0.334173,0.324564,0.335038,0.329411,0.333241,0.330485,0.326224,0.341060,0.327078,0.322845,0.336055,0.336008,
0.320087,0.330987,0.344541,0.327723,0.327105,0.340401,0.334175,0.324548,0.335062,0.329401,0.333231,0.330507,0.326240,0.341024,0.327114,0.322877,0.336010,0.336047,
0.320128,0.330938,0.344575,0.327765,0.327057,0.340439,0.334178,0.324534,0.335085,0.329392,0.333224,0.330527,0.326258,0.340989,0.327148,0.322912,0.335966,0.336083,
0.320171,0.330890,0.344608,0.327808,0.327010,0.340475,0.334182,0.324521,0.335106,0.329383,0.333218,0.330544,0.326277,0.340955,0.327180,0.322948,0.335922,0.336118,
0.320216,0.330842,0.344640,0.327853,0.326962,0.340510,0.334187,0.324509,0.335125,0.329375,0.333213,0.330560,0.326297,0.340922,0.327210,0.322986,0.335879,0.336151,
0.320263,0.330794,0.344670,0.327901,0.326915,0.340543,0.334193,0.324498,0.335142,0.329367,0.333210,0.330573,0.326319,0.340889,0.327239,0.323025,0.335836,0.336183,
0.320312,0.330746,0.344698,0.327950,0.326867,0.340575,0.334200,0.324488,0.335158,0.329360,0.333208,0.330585,0.326342,0.340858,0.327267,0.323067,0.335793,0.336213,
0.320363,0.330698,0.344726,0.328002,0.326820,0.340605,0.334208,0.324480,0.335172,0.329353,0.333208,0.330596,0.326366,0.340826,0.327293,0.323110,0.335751,0.336242,
0.320417,0.330649,0.344752,0.328055,0.326772,0.340635,0.334217,0.324472,0.335184,0.329347,0.333210,0.330604,0.326392,0.340796,0.327318,0.323154,0.335708,0.336270,
0.320472,0.330601,0.344777,0.328111,0.326725,0.340664,0.334226,0.324465,0.335196,0.329341,0.333212,0.330612,0.326418,0.340766,0.327342,0.323201,0.335666,0.336297,
0.320529,0.330552,0.344801,0.328168,0.326677,0.340691,0.334237,0.324459,0.335206,0.329335,0.333216,0.330618,0.326446,0.340736,0.327365,0.323249,0.335623,0.336323,
0.320588,0.330503,0.344824,0.328228,0.326629,0.340718,0.334248,0.324454,0.335215,0.329329,0.333222,0.330622,0.326475,0.340707,0.327387,0.323299,0.335581,0.336348,
0.320649,0.330454,0.344847,0.328290,0.326580,0.340744,0.334260,0.324450,0.335223,0.329323,0.333229,0.330625,0.326505,0.340678,0.327408,0.323351,0.335539,0.336372,
0.320712,0.330404,0.344868,0.328354,0.326531,0.340770,0.334272,0.324447,0.335229,0.329317,0.333238,0.330627,0.326536,0.340650,0.327428,0.323404,0.335496,0.336395,
0.320777,0.330354,0.344889,0.328420,0.326481,0.340794,0.334286,0.324445,0.335235,0.329312,0.333248,0.330628,0.326568,0.340622,0.327448,0.323460,0.335453,0.336418,
0.320845,0.330303,0.344910,0.328488,0.326431,0.340818,0.334299,0.324443,0.335240,0.329306,0.333259,0.330628,0.326601,0.340595,0.327467,0.323517,0.335410,0.336440,
0.320914,0.330251,0.344930,0.328558,0.326380,0.340842,0.334314,0.324442,0.335244,0.329300,0.333272,0.330626,0.326635,0.340567,0.327485,0.323575,0.335366,0.336461,
0.320986,0.330199,0.344949,0.328631,0.326329,0.340865,0.334329,0.324443,0.335247,0.329294,0.333287,0.330624,0.326671,0.340540,0.327502,0.323636,0.335323,0.336482,
0.321061,0.330146,0.344968,0.328706,0.326276,0.340888,0.334345,0.324444,0.335249,0.329287,0.333303,0.330620,0.326707,0.340514,0.327519,0.323699,0.335278,0.336502,
0.321137,0.330092,0.344987,0.328783,0.326223,0.340911,0.334362,0.324446,0.335250,0.329280,0.333321,0.330615,0.326744,0.340488,0.327535,0.323763,0.335234,0.336522,
0.321216,0.330037,0.345005,0.328863,0.326169,0.340933,0.334379,0.324449,0.335250,0.329273,0.333340,0.330609,0.326782,0.340462,0.327550,0.323829,0.335189,0.336541,
0.321297,0.329982,0.345023,0.328946,0.326115,0.340955,0.334396,0.324453,0.335250,0.329265,0.333361,0.330602,0.326822,0.340436,0.327565,0.323898,0.335144,0.336560,
0.321381,0.329925,0.345040,0.329031,0.326059,0.340976,0.334414,0.324457,0.335249,0.329257,0.333384,0.330594,0.326862,0.340411,0.327580,0.323968,0.335098,0.336579,
0.321468,0.329867,0.345057,0.329118,0.326002,0.340998,0.334433,0.324463,0.335247,0.329249,0.333409,0.330585,0.326903,0.340386,0.327594,0.324040,0.335051,0.336597,
0.321557,0.329808,0.345075,0.329208,0.325944,0.341019,0.334452,0.324470,0.335244,0.329239,0.333436,0.330575,0.326946,0.340361,0.327607,0.324115,0.335004,0.336615,
0.321649,0.329748,0.345092,0.329301,0.325885,0.341040,0.334472,0.324477,0.335241,0.329229,0.333465,0.330564,0.326989,0.340337,0.327621,0.324192,0.334956,0.336632,
0.321744,0.329687,0.345108,0.329397,0.325825,0.341061,0.334492,0.324486,0.335237,0.329218,0.333496,0.330552,0.327033,0.340313,0.327633,0.324271,0.334908,0.336650,
0.321841,0.329625,0.345125,0.329496,0.325763,0.341082,0.334513,0.324496,0.335232,0.329207,0.333529,0.330539,0.327079,0.340289,0.327646,0.324352,0.334859,0.336667,
0.321942,0.329561,0.345142,0.329598,0.325700,0.341103,0.334534,0.324507,0.335227,0.329194,0.333565,0.330525,0.327125,0.340266,0.327658,0.324435,0.334809,0.336683,
0.322046,0.329495,0.345158,0.329703,0.325636,0.341124,0.334556,0.324519,0.335221,0.329181,0.333603,0.330510,0.327173,0.340243,0.327669,0.324522,0.334759,0.336700,
0.322153,0.329429,0.345175,0.329812,0.325570,0.341145,0.334578,0.324532,0.335214,0.329166,0.333644,0.330494,0.327221,0.340221,0.327680,0.324610,0.334708,0.336716,
0.322264,0.329360,0.345191,0.329924,0.325503,0.341166,0.334601,0.324546,0.335207,0.329150,0.333687,0.330477,0.327271,0.340200,0.327691,0.324701,0.334656,0.336732,
0.322378,0.329290,0.345208,0.330040,0.325434,0.341187,0.334624,0.324562,0.335198,0.329133,0.333734,0.330458,0.327321,0.340178,0.327701,0.324795,0.334603,0.336748,
0.322496,0.329219,0.345225,0.330159,0.325364,0.341209,0.334648,0.324580,0.335190,0.329114,0.333783,0.330438,0.327373,0.340158,0.327711,0.324891,0.334550,0.336764,
0.322617,0.329145,0.345241,0.330282,0.325292,0.341230,0.334671,0.324598,0.335180,0.329094,0.333835,0.330418,0.327425,0.340138,0.327721,0.324991,0.334495,0.336780,
0.322743,0.329070,0.345258,0.330409,0.325218,0.341251,0.334696,0.324619,0.335170,0.329073,0.333891,0.330396,0.327479,0.340119,0.327730,0.325093,0.334440,0.336795,
0.322873,0.328993,0.345275,0.330540,0.325142,0.341273,0.334721,0.324641,0.335159,0.329049,0.333950,0.330373,0.327533,0.340101,0.327739,0.325198,0.334384,0.336811,
0.323006,0.328914,0.345292,0.330675,0.325064,0.341295,0.334746,0.324665,0.335147,0.329024,0.334013,0.330348,0.327589,0.340083,0.327748,0.325306,0.334327,0.336826,
0.323145,0.328833,0.345309,0.330815,0.324985,0.341317,0.334771,0.324690,0.335134,0.328997,0.334080,0.330322,0.327645,0.340067,0.327756,0.325418,0.334270,0.336841,
0.323288,0.328750,0.345326,0.330960,0.324903,0.341339,0.334797,0.324718,0.335121,0.328967,0.334151,0.330295,0.327703,0.340052,0.327764,0.325533,0.334211,0.336856,
0.323435,0.328664,0.345344,0.331109,0.324819,0.341361,0.334823,0.324747,0.335107,0.328935,0.334227,0.330267,0.327761,0.340038,0.327771,0.325651,0.334151,0.336871,
0.323588,0.328576,0.345361,0.331264,0.324732,0.341384,0.334850,0.324779,0.335092,0.328901,0.334307,0.330237,0.327821,0.340025,0.327778,0.325773,0.334091,0.336886,
0.323746,0.328486,0.345379,0.331423,0.324644,0.341407,0.334876,0.324813,0.335076,0.328864,0.334392,0.330206,0.327881,0.340013,0.327784,0.325899,0.334029,0.336900,
0.323909,0.328393,0.345397,0.331589,0.324553,0.341430,0.334903,0.324850,0.335060,0.328824,0.334482,0.330173,0.327942,0.340003,0.327790,0.326028,0.333967,0.336915,
0.324078,0.328297,0.345415,0.331760,0.324459,0.341454,0.334930,0.324889,0.335042,0.328781,0.334578,0.330138,0.328004,0.339995,0.327795,0.326161,0.333903,0.336929,
0.324253,0.328199,0.345434,0.331936,0.324362,0.341478,0.334957,0.324930,0.335024,0.328735,0.334680,0.330102,0.328067,0.339989,0.327800,0.326299,0.333839,0.336943,
0.324435,0.328098,0.345453,0.332120,0.324263,0.341502,0.334985,0.324975,0.335005,0.328685,0.334788,0.330064,0.328131,0.339984,0.327805,0.326440,0.333774,0.336957,
0.324622,0.327994,0.345472,0.332309,0.324161,0.341526,0.335012,0.325023,0.334984,0.328631,0.334903,0.330025,0.328195,0.339982,0.327808,0.326586,0.333708,0.336971,
0.324817,0.327887,0.345491,0.332506,0.324056,0.341551,0.335040,0.325074,0.334963,0.328573,0.335025,0.329983,0.328261,0.339982,0.327811,0.326737,0.333640,0.336985,
0.325018,0.327777,0.345511,0.332709,0.323948,0.341577,0.335067,0.325129,0.334940,0.328511,0.335154,0.329940,0.328326,0.339985,0.327814,0.326892,0.333572,0.336999,
0.325227,0.327663,0.345530,0.332920,0.323837,0.341602,0.335094,0.325188,0.334917,0.328445,0.335291,0.329895,0.328393,0.339991,0.327816,0.327052,0.333504,0.337012,
0.325444,0.327546,0.345551,0.333139,0.323722,0.341628,0.335121,0.325250,0.334892,0.328373,0.335436,0.329847,0.328460,0.339999,0.327817,0.327218,0.333434,0.337025,
0.325669,0.327425,0.345571,0.333366,0.323604,0.341655,0.335148,0.325317,0.334866,0.328296,0.335591,0.329798,0.328527,0.340011,0.327817,0.327388,0.333363,0.337038,
0.325902,0.327301,0.345592,0.333602,0.323482,0.341681,0.335175,0.325388,0.334839,0.328214,0.335755,0.329746,0.328594,0.340027,0.327817,0.327564,0.333292,0.337051,
0.326144,0.327172,0.345613,0.333846,0.323357,0.341709,0.335201,0.325465,0.334810,0.328125,0.335928,0.329692,0.328662,0.340047,0.327815,0.327745,0.333220,0.337063,
0.326395,0.327040,0.345635,0.334099,0.323227,0.341736,0.335226,0.325546,0.334781,0.328030,0.336113,0.329636,0.328730,0.340071,0.327813,0.327932,0.333147,0.337075,
0.326656,0.326903,0.345656,0.334363,0.323094,0.341764,0.335251,0.325633,0.334749,0.327928,0.336309,0.329577,0.328797,0.340100,0.327810,0.328126,0.333074,0.337087,
0.326927,0.326762,0.345678,0.334636,0.322956,0.341793,0.335275,0.325725,0.334717,0.327819,0.336517,0.329516,0.328864,0.340134,0.327806,0.328325,0.333000,0.337098,
0.327209,0.326617,0.345701,0.334920,0.322814,0.341822,0.335298,0.325824,0.334683,0.327702,0.336737,0.329453,0.328931,0.340174,0.327801,0.328531,0.332926,0.337109,
0.327502,0.326466,0.345724,0.335216,0.322667,0.341851,0.335321,0.325930,0.334647,0.327577,0.336971,0.329386,0.328998,0.340219,0.327794,0.328743,0.332851,0.337120,
0.327806,0.326311,0.345747,0.335523,0.322516,0.341881,0.335341,0.326042,0.334610,0.327443,0.337219,0.329318,0.329063,0.340271,0.327787,0.328962,0.332776,0.337130,
0.328123,0.326151,0.345770,0.335842,0.322359,0.341911,0.335361,0.326162,0.334571,0.327299,0.337482,0.329246,0.329127,0.340331,0.327778,0.329188,0.332701,0.337139,
0.328452,0.325985,0.345794,0.336174,0.322198,0.341941,0.335379,0.326290,0.334530,0.327146,0.337761,0.329171,0.329190,0.340397,0.327768,0.329422,0.332626,0.337148,
0.328794,0.325814,0.345818,0.336519,0.322031,0.341972,0.335395,0.326427,0.334488,0.326983,0.338057,0.329094,0.329252,0.340472,0.327756,0.329663,0.332551,0.337157,
0.329151,0.325637,0.345842,0.336878,0.321859,0.342004,0.335409,0.326573,0.334444,0.326808,0.338371,0.329014,0.329311,0.340556,0.327743,0.329911,0.332477,0.337165,
0.329522,0.325454,0.345866,0.337252,0.321681,0.342035,0.335421,0.326728,0.334397,0.326622,0.338703,0.328931,0.329368,0.340649,0.327729,0.330168,0.332403,0.337172,
0.329908,0.325266,0.345891,0.337641,0.321497,0.342067,0.335430,0.326893,0.334349,0.326423,0.339054,0.328845,0.329423,0.340752,0.327712,0.330432,0.332329,0.337178,
0.330310,0.325070,0.345916,0.338046,0.321307,0.342100,0.335436,0.327069,0.334300,0.326212,0.339427,0.328756,0.329475,0.340867,0.327695,0.330705,0.332256,0.337184,
0.330729,0.324869,0.345941,0.338467,0.321111,0.342132,0.335440,0.327257,0.334248,0.325987,0.339820,0.328664,0.329524,0.340993,0.327675,0.330986,0.332185,0.337189,
0.331165,0.324660,0.345966,0.338906,0.320908,0.342165,0.335440,0.327456,0.334194,0.325748,0.340237,0.328570,0.329569,0.341131,0.327654,0.331276,0.332115,0.337192,
0.331618,0.324445,0.345991,0.339363,0.320699,0.342198,0.335436,0.327669,0.334138,0.325494,0.340677,0.328472,0.329609,0.341283,0.327631,0.331575,0.332046,0.337195,
0.332091,0.324222,0.346017,0.339838,0.320482,0.342231,0.335429,0.327894,0.334079,0.325225,0.341141,0.328372,0.329646,0.341448,0.327606,0.331883,0.331979,0.337197,
0.332583,0.323992,0.346042,0.340333,0.320259,0.342265,0.335417,0.328134,0.334019,0.324941,0.341632,0.328270,0.329677,0.341629,0.327580,0.332200,0.331914,0.337198,
0.333095,0.323754,0.346067,0.340849,0.320028,0.342298,0.335400,0.328389,0.333957,0.324640,0.342148,0.328165,0.329703,0.341825,0.327551,0.332526,0.331852,0.337197,
0.333628,0.323508,0.346092,0.341385,0.319789,0.342331,0.335378,0.328659,0.333893,0.324322,0.342692,0.328058,0.329723,0.342039,0.327521,0.332862,0.331792,0.337196,
0.334182,0.323254,0.346116,0.341943,0.319542,0.342365,0.335350,0.328946,0.333827,0.323987,0.343264,0.327949,0.329737,0.342269,0.327488,0.333208,0.331735,0.337193,
0.334759,0.322992,0.346141,0.342524,0.319288,0.342398,0.335317,0.329250,0.333758,0.323634,0.343865,0.327838,0.329744,0.342518,0.327454,0.333564,0.331681,0.337189,
0.335359,0.322721,0.346164,0.343128,0.319024,0.342430,0.335277,0.329571,0.333688,0.323264,0.344496,0.327726,0.329743,0.342786,0.327418,0.333929,0.331631,0.337184,
0.335983,0.322441,0.346188,0.343755,0.318753,0.342463,0.335231,0.329910,0.333616,0.322876,0.345156,0.327613,0.329736,0.343074,0.327381,0.334304,0.331584,0.337177,
0.336632,0.322153,0.346210,0.344408,0.318472,0.342494,0.335177,0.330269,0.333543,0.322470,0.345847,0.327499,0.329720,0.343382,0.327341,0.334689,0.331542,0.337169,
0.337305,0.321855,0.346232,0.345086,0.318183,0.342526,0.335117,0.330647,0.333468,0.322045,0.346569,0.327385,0.329696,0.343712,0.327300,0.335085,0.331503,0.337159,
0.338005,0.321548,0.346253,0.345790,0.317884,0.342556,0.335048,0.331046,0.333391,0.321603,0.347322,0.327271,0.329663,0.344063,0.327258,0.335490,0.331469,0.337148,
0.338730,0.321231,0.346273,0.346521,0.317576,0.342586,0.334971,0.331465,0.333313,0.321144,0.348106,0.327158,0.329622,0.344436,0.327215,0.335905,0.331440,0.337135,
0.339482,0.320905,0.346291,0.347279,0.317258,0.342614,0.334885,0.331905,0.333234,0.320668,0.348920,0.327046,0.329571,0.344832,0.327170,0.336331,0.331416,0.337121,
0.340262,0.320569,0.346309,0.348065,0.316931,0.342642,0.334791,0.332367,0.333155,0.320175,0.349765,0.326935,0.329512,0.345251,0.327125,0.336766,0.331396,0.337106,
0.341069,0.320223,0.346324,0.348878,0.316593,0.342668,0.334688,0.332851,0.333075,0.319666,0.350639,0.326828,0.329443,0.345692,0.327079,0.337212,0.331382,0.337089,
0.341904,0.319866,0.346339,0.349721,0.316245,0.342693,0.334575,0.333356,0.332994,0.319143,0.351542,0.326723,0.329365,0.346156,0.327033,0.337668,0.331372,0.337071,
0.342767,0.319500,0.346351,0.350592,0.315887,0.342716,0.334453,0.333883,0.332914,0.318605,0.352473,0.326621,0.329279,0.346643,0.326986,0.338133,0.331368,0.337052,
0.343658,0.319124,0.346361,0.351492,0.315518,0.342737,0.334321,0.334433,0.332833,0.318055,0.353430,0.326524,0.329183,0.347152,0.326940,0.338609,0.331368,0.337031,
0.344577,0.318737,0.346369,0.352422,0.315139,0.342757,0.334179,0.335004,0.332754,0.317493,0.354413,0.326431,0.329080,0.347682,0.326895,0.339094,0.331373,0.337009,
0.345525,0.318341,0.346375,0.353380,0.314749,0.342774,0.334028,0.335597,0.332675,0.316921,0.355420,0.326343,0.328968,0.348233,0.326850,0.339589,0.331382,0.336986,
0.346500,0.317933,0.346378,0.354368,0.314348,0.342789,0.333866,0.336210,0.332598,0.316340,0.356449,0.326261,0.328849,0.348805,0.326807,0.340094,0.331395,0.336963,
0.347503,0.317516,0.346379,0.355385,0.313935,0.342802,0.333695,0.336845,0.332522,0.315751,0.357498,0.326186,0.328723,0.349395,0.326765,0.340609,0.331412,0.336938,
0.348533,0.317089,0.346377,0.356430,0.313512,0.342812,0.333514,0.337500,0.332447,0.315156,0.358565,0.326117,0.328591,0.350004,0.326726,0.341133,0.331431,0.336912,
0.349590,0.316651,0.346372,0.357505,0.313077,0.342820,0.333323,0.338175,0.332375,0.314555,0.359650,0.326055,0.328453,0.350629,0.326688,0.341667,0.331454,0.336886,
0.350674,0.316204,0.346363,0.358607,0.312632,0.342825,0.333123,0.338868,0.332306,0.313952,0.360749,0.326000,0.328310,0.351270,0.326653,0.342211,0.331478,0.336860,
0.351783,0.315747,0.346352,0.359737,0.312174,0.342827,0.332913,0.339579,0.332239,0.313346,0.361860,0.325953,0.328163,0.351925,0.326620,0.342765,0.331504,0.336833,
0.352916,0.315279,0.346337,0.360894,0.311706,0.342825,0.332695,0.340308,0.332175,0.312739,0.362983,0.325914,0.328013,0.352592,0.326591,0.343328,0.331530,0.336805,
0.354074,0.314803,0.346319,0.362078,0.311226,0.342821,0.332467,0.341052,0.332115,0.312132,0.364114,0.325883,0.327860,0.353271,0.326565,0.343901,0.331556,0.336778,
0.355255,0.314317,0.346298,0.363287,0.310735,0.342813,0.332230,0.341812,0.332058,0.311526,0.365251,0.325859,0.327706,0.353959,0.326542,0.344484,0.331581,0.336750,
0.356458,0.313821,0.346273,0.364522,0.310232,0.342803,0.331985,0.342586,0.332004,0.310923,0.366395,0.325844,0.327551,0.354655,0.326523,0.345077,0.331604,0.336723,
0.357682,0.313317,0.346244,0.365781,0.309718,0.342788,0.331732,0.343374,0.331955,0.310323,0.367541,0.325837,0.327395,0.355357,0.326507,0.345680,0.331624,0.336695,
0.358926,0.312804,0.346212,0.367064,0.309192,0.342771,0.331470,0.344174,0.331909,0.309727,0.368689,0.325838,0.327240,0.356064,0.326496,0.346292,0.331641,0.336668,
0.360190,0.312282,0.346176,0.368369,0.308656,0.342750,0.331201,0.344985,0.331868,0.309135,0.369838,0.325847,0.327086,0.356774,0.326488,0.346915,0.331653,0.336641,
0.361471,0.311752,0.346137,0.369696,0.308108,0.342726,0.330923,0.345806,0.331830,0.308548,0.370986,0.325864,0.326934,0.357486,0.326484,0.347549,0.331660,0.336614,
0.362769,0.311214,0.346094,0.371043,0.307549,0.342698,0.330639,0.346636,0.331797,0.307966,0.372131,0.325887,0.326784,0.358199,0.326484,0.348192,0.331660,0.336588,
0.364083,0.310669,0.346048,0.372411,0.306979,0.342667,0.330347,0.347476,0.331768,0.307390,0.373274,0.325918,0.326638,0.358911,0.326488,0.348846,0.331654,0.336563,
0.365411,0.310116,0.345998,0.373798,0.306398,0.342632,0.330047,0.348322,0.331744,0.306819,0.374413,0.325956,0.326494,0.359621,0.326495,0.349511,0.331640,0.336538,
0.366752,0.309555,0.345944,0.375202,0.305807,0.342594,0.329741,0.349176,0.331723,0.306254,0.375547,0.326000,0.326354,0.360327,0.326507,0.350186,0.331617,0.336513,
0.368106,0.308988,0.345888,0.376624,0.305205,0.342553,0.329427,0.350036,0.331707,0.305695,0.376676,0.326050,0.326218,0.361030,0.326521,0.350873,0.331584,0.336489,
0.369470,0.308414,0.345828,0.378062,0.304592,0.342509,0.329107,0.350901,0.331695,0.305141,0.377799,0.326106,0.326087,0.361728,0.326540,0.351570,0.331542,0.336466,
0.370845,0.307834,0.345765,0.379515,0.303969,0.342462,0.328779,0.351771,0.331686,0.304592,0.378916,0.326167,0.325960,0.362420,0.326562,0.352278,0.331488,0.336443,
0.372228,0.307248,0.345699,0.380983,0.303336,0.342411,0.328444,0.352645,0.331682,0.304047,0.380026,0.326233,0.325838,0.363105,0.326587,0.352998,0.331424,0.336421,
0.373619,0.306657,0.345631,0.382464,0.302693,0.342358,0.328102,0.353523,0.331681,0.303507,0.381131,0.326304,0.325721,0.363783,0.326615,0.353729,0.331347,0.336400,
0.375017,0.306060,0.345559,0.383957,0.302040,0.342302,0.327754,0.354405,0.331684,0.302971,0.382229,0.326379,0.325608,0.364453,0.326645,0.354471,0.331257,0.336379,
0.376420,0.305458,0.345486,0.385462,0.301378,0.342244,0.327398,0.355290,0.331691,0.302439,0.383321,0.326457,0.325501,0.365115,0.326679,0.355225,0.331154,0.336359,
0.377828,0.304851,0.345410,0.386979,0.300707,0.342183,0.327034,0.356177,0.331700,0.301909,0.384406,0.326539,0.325398,0.365768,0.326715,0.355991,0.331038,0.336339,
0.379239,0.304241,0.345331,0.388505,0.300026,0.342120,0.326663,0.357068,0.331713,0.301381,0.385486,0.326624,0.325300,0.366413,0.326753,0.356768,0.330907,0.336320,
0.380654,0.303626,0.345251,0.390040,0.299336,0.342054,0.326285,0.357960,0.331729,0.300855,0.386561,0.326712,0.325206,0.367048,0.326793,0.357557,0.330763,0.336301,
0.382070,0.303007,0.345169,0.391585,0.298638,0.341986,0.325899,0.358856,0.331747,0.300330,0.387630,0.326802,0.325118,0.367674,0.326835,0.358358,0.330603,0.336283,
0.383488,0.302385,0.345086,0.393136,0.297932,0.341917,0.325504,0.359754,0.331769,0.299806,0.388694,0.326894,0.325033,0.368291,0.326879,0.359171,0.330429,0.336265,
0.384905,0.301759,0.345001,0.394696,0.297217,0.341846,0.325102,0.360654,0.331792,0.299281,0.389755,0.326988,0.324953,0.368899,0.326925,0.359995,0.330239,0.336247,
0.386322,0.301131,0.344914,0.396261,0.296495,0.341773,0.324692,0.361556,0.331818,0.298756,0.390811,0.327084,0.324876,0.369497,0.326971,0.360832,0.330034,0.336230,
0.387738,0.300500,0.344827,0.397832,0.295764,0.341699,0.324272,0.362462,0.331846,0.298230,0.391864,0.327180,0.324804,0.370085,0.327019,0.361680,0.329813,0.336214,
0.389152,0.299867,0.344739,0.399408,0.295027,0.341623,0.323845,0.363369,0.331876,0.297701,0.392914,0.327277,0.324735,0.370665,0.327068,0.362541,0.329577,0.336197,
0.390563,0.299232,0.344650,0.400989,0.294282,0.341547,0.323408,0.364280,0.331908,0.297170,0.393963,0.327375,0.324669,0.371235,0.327118,0.363413,0.329325,0.336181,
0.391971,0.298595,0.344560,0.402573,0.293531,0.341469,0.322962,0.365194,0.331942,0.296637,0.395009,0.327474,0.324606,0.371797,0.327168,0.364297,0.329056,0.336165,
0.393374,0.297956,0.344471,0.404161,0.292773,0.341391,0.322507,0.366111,0.331977,0.296099,0.396055,0.327572,0.324545,0.372349,0.327219,0.365192,0.328773,0.336150,
0.394774,0.297317,0.344381,0.405752,0.292008,0.341313,0.322042,0.367031,0.332013,0.295558,0.397100,0.327670,0.324488,0.372894,0.327270,0.366100,0.328473,0.336134,
0.396168,0.296676,0.344291,0.407344,0.291237,0.341233,0.321568,0.367956,0.332050,0.295013,0.398145,0.327769,0.324432,0.373430,0.327322,0.367019,0.328157,0.336119,
0.397556,0.296034,0.344201,0.408938,0.290461,0.341154,0.321083,0.368884,0.332088,0.294462,0.399190,0.327866,0.324379,0.373958,0.327373,0.367949,0.327826,0.336104,
0.398939,0.295392,0.344111,0.410533,0.289679,0.341074,0.320589,0.369816,0.332128,0.293906,0.400237,0.327963,0.324327,0.374478,0.327425,0.368891,0.327479,0.336089,
0.400315,0.294749,0.344023,0.412129,0.288892,0.340995,0.320084,0.370753,0.332168,0.293344,0.401285,0.328059,0.324276,0.374991,0.327476,0.369844,0.327116,0.336075,
0.401683,0.294106,0.343934,0.413725,0.288100,0.340915,0.319569,0.371694,0.332208,0.292776,0.402336,0.328155,0.324226,0.375496,0.327527,0.370808,0.326738,0.336060,
0.403045,0.293464,0.343847,0.415320,0.287302,0.340836,0.319043,0.372641,0.332249,0.292202,0.403389,0.328249,0.324178,0.375995,0.327578,0.371783,0.326345,0.336046,
0.404398,0.292821,0.343760,0.416914,0.286501,0.340758,0.318507,0.373593,0.332290,0.291621,0.404445,0.328342,0.324130,0.376487,0.327629,0.372769,0.325936,0.336032,
0.405743,0.292179,0.343675,0.418507,0.285695,0.340680,0.317960,0.374550,0.332332,0.291033,0.405505,0.328433,0.324082,0.376973,0.327679,0.373765,0.325513,0.336018,
0.407080,0.291537,0.343591,0.420099,0.284885,0.340603,0.317401,0.375513,0.332373,0.290437,0.406569,0.328523,0.324035,0.377452,0.327728,0.374772,0.325074,0.336004,
0.408407,0.290896,0.343508,0.421688,0.284071,0.340527,0.316832,0.376483,0.332415,0.289834,0.407637,0.328612,0.323987,0.377926,0.327777,0.375789,0.324621,0.335990,
0.409726,0.290256,0.343427,0.423274,0.283253,0.340452,0.316252,0.377458,0.332456,0.289223,0.408710,0.328699,0.323939,0.378394,0.327825,0.376816,0.324153,0.335977,
0.411034,0.289617,0.343347,0.424858,0.282432,0.340378,0.315661,0.378441,0.332497,0.288605,0.409789,0.328784,0.323891,0.378857,0.327872,0.377853,0.323671,0.335964,
0.412333,0.288979,0.343269,0.426438,0.281607,0.340305,0.315058,0.379430,0.332538,0.287978,0.410873,0.328867,0.323842,0.379315,0.327918,0.378899,0.323175,0.335952,
0.413622,0.288342,0.343192,0.428014,0.280780,0.340234,0.314444,0.380426,0.332578,0.287342,0.411963,0.328948,0.323792,0.379768,0.327964,0.379954,0.322665,0.335939,
0.414900,0.287706,0.343118,0.429586,0.279950,0.340164,0.313819,0.381430,0.332618,0.286699,0.413059,0.329027,0.323741,0.380217,0.328008,0.381019,0.322142,0.335927,
0.416168,0.287072,0.343046,0.431153,0.279117,0.340096,0.313182,0.382440,0.332657,0.286047,0.414162,0.329104,0.323689,0.380661,0.328052,0.382092,0.321605,0.335916,
0.417425,0.286439,0.342976,0.432716,0.278282,0.340030,0.312535,0.383459,0.332696,0.285386,0.415271,0.329179,0.323635,0.381101,0.328094,0.383174,0.321055,0.335905,
0.418671,0.285808,0.342908,0.434274,0.277445,0.339966,0.311876,0.384485,0.332733,0.284717,0.416387,0.329251,0.323580,0.381538,0.328136,0.384264,0.320492,0.335894,
0.419906,0.285179,0.342842,0.435826,0.276605,0.339904,0.311206,0.385519,0.332770,0.284039,0.417511,0.329322,0.323523,0.381970,0.328176,0.385363,0.319916,0.335884,
0.421130,0.284551,0.342779,0.437372,0.275763,0.339844,0.310525,0.386562,0.332806,0.283353,0.418642,0.329389,0.323465,0.382399,0.328215,0.386469,0.319327,0.335874,
0.422343,0.283925,0.342718,0.438913,0.274920,0.339786,0.309833,0.387612,0.332840,0.282658,0.419780,0.329455,0.323404,0.382824,0.328253,0.387583,0.318726,0.335865,
0.423543,0.283301,0.342659,0.440447,0.274075,0.339730,0.309130,0.388671,0.332874,0.281954,0.420927,0.329517,0.323342,0.383246,0.328290,0.388704,0.318113,0.335857,
0.424733,0.282678,0.342604,0.441974,0.273229,0.339677,0.308416,0.389738,0.332906,0.281242,0.422081,0.329577,0.323277,0.383665,0.328326,0.389832,0.317488,0.335849,
0.425910,0.282058,0.342550,0.443495,0.272381,0.339626,0.307692,0.390814,0.332937,0.280522,0.423243,0.329635,0.323211,0.384081,0.328361,0.390967,0.316852,0.335843,
0.427076,0.281439,0.342500,0.445009,0.271532,0.339578,0.306957,0.391898,0.332966,0.279793,0.424413,0.329690,0.323142,0.384494,0.328394,0.392108,0.316203,0.335837,
0.428229,0.280822,0.342452,0.446515,0.270682,0.339532,0.306211,0.392991,0.332994,0.279056,0.425591,0.329742,0.323071,0.384904,0.328426,0.393255,0.315544,0.335832,
0.429371,0.280207,0.342407,0.448014,0.269831,0.339489,0.305455,0.394093,0.333021,0.278311,0.426777,0.329791,0.322998,0.385311,0.328457,0.394409,0.314873,0.335828,
0.430501,0.279594,0.342365,0.449505,0.268978,0.339449,0.304690,0.395203,0.333046,0.277557,0.427972,0.329838,0.322922,0.385715,0.328487,0.395569,0.314192,0.335824,
0.431619,0.278983,0.342325,0.450988,0.268126,0.339412,0.303914,0.396322,0.333069,0.276796,0.429174,0.329881,0.322844,0.386117,0.328515,0.396734,0.313499,0.335822,
0.432724,0.278374,0.342289,0.452463,0.267272,0.339378,0.303128,0.397449,0.333091,0.276027,0.430385,0.329922,0.322764,0.386516,0.328542,0.397904,0.312796,0.335821,
0.433818,0.277767,0.342255,0.453930,0.266418,0.339347,0.302333,0.398585,0.333110,0.275250,0.431604,0.329960,0.322681,0.386912,0.328568,0.399079,0.312083,0.335822,
0.434899,0.277161,0.342225,0.455388,0.265563,0.339318,0.301529,0.399730,0.333128,0.274466,0.432832,0.329994,0.322596,0.387306,0.328592,0.400259,0.311360,0.335823,
0.435968,0.276557,0.342197,0.456838,0.264708,0.339293,0.300716,0.400883,0.333145,0.273674,0.434067,0.330026,0.322509,0.387696,0.328616,0.401444,0.310626,0.335826,
0.437026,0.275955,0.342173,0.458278,0.263852,0.339271,0.299893,0.402045,0.333159,0.272876,0.435311,0.330055,0.322419,0.388085,0.328638,0.402633,0.309883,0.335830,
0.438071,0.275355,0.342151,0.459710,0.262996,0.339253,0.299062,0.403215,0.333171,0.272070,0.436562,0.330080,0.322327,0.388470,0.328659,0.403827,0.309129,0.335836,
0.439104,0.274756,0.342132,0.461134,0.262140,0.339237,0.298223,0.404393,0.333181,0.271258,0.437822,0.330103,0.322233,0.388853,0.328678,0.405024,0.308366,0.335843,
0.440125,0.274159,0.342117,0.462547,0.261283,0.339225,0.297375,0.405580,0.333189,0.270439,0.439089,0.330122,0.322137,0.389233,0.328696,0.406225,0.307594,0.335851,
0.441134,0.273564,0.342105,0.463952,0.260427,0.339216,0.296519,0.406775,0.333195,0.269613,0.440365,0.330138,0.322039,0.389609,0.328713,0.407429,0.306812,0.335861,
0.442132,0.272970,0.342095,0.465347,0.259570,0.339211,0.295656,0.407978,0.333198,0.268782,0.441647,0.330151,0.321939,0.389983,0.328729,0.408637,0.306021,0.335873,
0.443117,0.272378,0.342089,0.466733,0.258713,0.339209,0.294784,0.409189,0.333199,0.267944,0.442938,0.330161,0.321837,0.390354,0.328743,0.409848,0.305221,0.335887,
0.444091,0.271787,0.342086,0.468110,0.257856,0.339210,0.293906,0.410408,0.333198,0.267100,0.444236,0.330167,0.321733,0.390722,0.328757,0.411063,0.304412,0.335902,
0.445053,0.271197,0.342086,0.469476,0.256999,0.339215,0.293021,0.411635,0.333195,0.266251,0.445541,0.330170,0.321628,0.391086,0.328769,0.412279,0.303595,0.335919,
0.446003,0.270609,0.342089,0.470833,0.256142,0.339223,0.292129,0.412869,0.333189,0.265397,0.446854,0.330170,0.321520,0.391447,0.328780,0.413499,0.302768,0.335938,
0.446941,0.270022,0.342096,0.472180,0.255285,0.339235,0.291230,0.414111,0.333181,0.264537,0.448173,0.330166,0.321412,0.391805,0.328789,0.414721,0.301933,0.335959,
0.447868,0.269436,0.342105,0.473518,0.254428,0.339251,0.290325,0.415360,0.333170,0.263673,0.449500,0.330159,0.321301,0.392159,0.328798,0.415945,0.301089,0.335982,
0.448784,0.268851,0.342118,0.474845,0.253571,0.339270,0.289414,0.416617,0.333157,0.262803,0.450833,0.330149,0.321190,0.392509,0.328805,0.417172,0.300237,0.336007,
0.449688,0.268268,0.342133,0.476163,0.252715,0.339293,0.288497,0.417880,0.333141,0.261929,0.452173,0.330135,0.321077,0.392855,0.328811,0.418400,0.299377,0.336035,
0.450580,0.267685,0.342152,0.477470,0.251858,0.339320,0.287575,0.419150,0.333122,0.261051,0.453520,0.330117,0.320964,0.393197,0.328816,0.419630,0.298509,0.336064,
0.451462,0.267103,0.342174,0.478768,0.251002,0.339350,0.286647,0.420427,0.333101,0.260168,0.454872,0.330097,0.320849,0.393535,0.328820,0.420862,0.297632,0.336096,
0.452332,0.266523,0.342199,0.480055,0.250146,0.339384,0.285715,0.421711,0.333077,0.259282,0.456231,0.330072,0.320734,0.393869,0.328822,0.422095,0.296747,0.336130,
0.453192,0.265942,0.342228,0.481333,0.249290,0.339422,0.284777,0.423001,0.333050,0.258391,0.457596,0.330045,0.320618,0.394198,0.328824,0.423330,0.295855,0.336166,
0.454040,0.265363,0.342259,0.482600,0.248434,0.339463,0.283835,0.424297,0.333021,0.257497,0.458967,0.330013,0.320502,0.394522,0.328824,0.424567,0.294954,0.336205,
0.454878,0.264785,0.342294,0.483857,0.247579,0.339508,0.282889,0.425599,0.332989,0.256600,0.460343,0.329978,0.320385,0.394841,0.328824,0.425804,0.294046,0.336246,
0.455704,0.264207,0.342331,0.485103,0.246724,0.339557,0.281938,0.426907,0.332954,0.255699,0.461725,0.329940,0.320269,0.395155,0.328822,0.427042,0.293130,0.336290,
0.456520,0.263629,0.342372,0.486340,0.245869,0.339610,0.280984,0.428221,0.332916,0.254796,0.463113,0.329898,0.320152,0.395464,0.328820,0.428282,0.292207,0.336336,
0.457325,0.263053,0.342416,0.487566,0.245014,0.339667,0.280026,0.429541,0.332875,0.253890,0.464505,0.329853,0.320036,0.395767,0.328816,0.429522,0.291276,0.336386,
0.458120,0.262476,0.342463,0.488782,0.244160,0.339727,0.279064,0.430866,0.332832,0.252981,0.465903,0.329804,0.319919,0.396065,0.328811,0.430762,0.290337,0.336437,
0.458904,0.261900,0.342513,0.489987,0.243306,0.339792,0.278099,0.432196,0.332785,0.252069,0.467305,0.329751,0.319804,0.396357,0.328806,0.432004,0.289391,0.336492,
0.459678,0.261325,0.342566,0.491183,0.242453,0.339860,0.277132,0.433532,0.332736,0.251155,0.468712,0.329694,0.319689,0.396642,0.328799,0.433246,0.288438,0.336549,
0.460442,0.260749,0.342623,0.492368,0.241600,0.339932,0.276161,0.434872,0.332683,0.250240,0.470124,0.329635,0.319575,0.396921,0.328792,0.434488,0.287478,0.336609,
0.461195,0.260174,0.342682,0.493542,0.240747,0.340008,0.275188,0.436217,0.332628,0.249322,0.471540,0.329571,0.319462,0.397194,0.328784,0.435731,0.286511,0.336673,
0.461939,0.259600,0.342745,0.494707,0.239895,0.340088,0.274213,0.437566,0.332569,0.248402,0.472960,0.329504,0.319350,0.397460,0.328775,0.436973,0.285537,0.336739,
0.462672,0.259025,0.342810,0.495861,0.239043,0.340172,0.273235,0.438921,0.332508,0.247481,0.474384,0.329433,0.319240,0.397719,0.328765,0.438216,0.284555,0.336808,
0.463395,0.258451,0.342879,0.497004,0.238192,0.340260,0.272256,0.440279,0.332443,0.246559,0.475813,0.329358,0.319131,0.397970,0.328754,0.439459,0.283567,0.336880,
0.464109,0.257876,0.342951,0.498137,0.237341,0.340352,0.271275,0.441641,0.332375,0.245635,0.477245,0.329280,0.319025,0.398214,0.328743,0.440702,0.282572,0.336956,
0.464812,0.257302,0.343026,0.499260,0.236491,0.340448,0.270292,0.443008,0.332305,0.244710,0.478680,0.329198,0.318920,0.398451,0.328731,0.441944,0.281570,0.337035,
0.465506,0.256728,0.343104,0.500373,0.235641,0.340548,0.269307,0.444378,0.332231,0.243784,0.480119,0.329113,0.318817,0.398679,0.328718,0.443187,0.280562,0.337117,
0.466191,0.256153,0.343186,0.501475,0.234792,0.340652,0.268322,0.445752,0.332154,0.242857,0.481562,0.329024,0.318717,0.398899,0.328704,0.444429,0.279547,0.337202,
0.466865,0.255579,0.343270,0.502566,0.233944,0.340760,0.267335,0.447129,0.332074,0.241930,0.483007,0.328931,0.318620,0.399111,0.328690,0.445670,0.278526,0.337291,
0.467531,0.255005,0.343357,0.503647,0.233096,0.340872,0.266347,0.448510,0.331990,0.241001,0.484456,0.328834,0.318525,0.399314,0.328676,0.446912,0.277498,0.337383,
0.468187,0.254430,0.343448,0.504718,0.232249,0.340988,0.265359,0.449894,0.331904,0.240073,0.485907,0.328734,0.318433,0.399508,0.328661,0.448152,0.276464,0.337479,
0.468833,0.253856,0.343542,0.505779,0.231402,0.341108,0.264370,0.451281,0.331814,0.239144,0.487361,0.328630,0.318345,0.399693,0.328645,0.449392,0.275424,0.337578,
0.469470,0.253281,0.343639,0.506829,0.230556,0.341232,0.263381,0.452672,0.331721,0.238215,0.488818,0.328522,0.318260,0.399869,0.328629,0.450631,0.274377,0.337681,
0.470098,0.252706,0.343738,0.507868,0.229711,0.341360,0.262391,0.454064,0.331625,0.237286,0.490277,0.328411,0.318178,0.400035,0.328612,0.451870,0.273325,0.337787,
0.470717,0.252131,0.343842,0.508898,0.228867,0.341493,0.261401,0.455460,0.331526,0.236357,0.491739,0.328296,0.318101,0.400191,0.328595,0.453107,0.272266,0.337897,
0.471327,0.251556,0.343948,0.509916,0.228024,0.341629,0.260412,0.456858,0.331423,0.235428,0.493203,0.328177,0.318027,0.400336,0.328578,0.454344,0.271202,0.338011,
0.471927,0.250980,0.344057,0.510925,0.227181,0.341770,0.259422,0.458259,0.331317,0.234500,0.494669,0.328054,0.317958,0.400472,0.328561,0.455579,0.270132,0.338129,
0.472519,0.250405,0.344170,0.511923,0.226340,0.341915,0.258433,0.459662,0.331208,0.233572,0.496137,0.327928,0.317894,0.400596,0.328543,0.456813,0.269056,0.338251,
0.473102,0.249829,0.344285,0.512910,0.225499,0.342064,0.257444,0.461067,0.331096,0.232644,0.497608,0.327798,0.317834,0.400709,0.328525,0.458047,0.267975,0.338377,
0.473676,0.249253,0.344404,0.513888,0.224659,0.342217,0.256455,0.462474,0.330980,0.231717,0.499079,0.327664,0.317779,0.400812,0.328507,0.459279,0.266888,0.338507,
0.474241,0.248677,0.344526,0.514854,0.223820,0.342375,0.255467,0.463883,0.330861,0.230791,0.500553,0.327527,0.317729,0.400902,0.328489,0.460509,0.265796,0.338641,
0.474797,0.248101,0.344651,0.515811,0.222983,0.342536,0.254480,0.465294,0.330739,0.229865,0.502028,0.327386,0.317685,0.400981,0.328470,0.461738,0.264699,0.338779,
0.475344,0.247524,0.344779,0.516756,0.222146,0.342702,0.253494,0.466707,0.330614,0.228940,0.503505,0.327241,0.317646,0.401047,0.328452,0.462966,0.263596,0.338921,
0.475883,0.246947,0.344911,0.517692,0.221311,0.342873,0.252508,0.468122,0.330485,0.228017,0.504983,0.327092,0.317613,0.401102,0.328434,0.464192,0.262488,0.339068,
0.476413,0.246371,0.345046,0.518617,0.220477,0.343047,0.251524,0.469538,0.330353,0.227094,0.506463,0.326940,0.317586,0.401143,0.328416,0.465416,0.261376,0.339218,
0.476934,0.245794,0.345184,0.519531,0.219644,0.343226,0.250541,0.470956,0.330218,0.226172,0.507944,0.326784,0.317566,0.401172,0.328398,0.466639,0.260258,0.339374,
0.477447,0.245216,0.345325,0.520435,0.218812,0.343409,0.249559,0.472375,0.330079,0.225252,0.509426,0.326624,0.317551,0.401187,0.328381,0.467860,0.259136,0.339533,
0.477951,0.244639,0.345469,0.521329,0.217981,0.343597,0.248579,0.473795,0.329937,0.224333,0.510909,0.326461,0.317544,0.401189,0.328364,0.469078,0.258010,0.339698,
0.478447,0.244062,0.345617,0.522212,0.217152,0.343789,0.247599,0.475217,0.329792,0.223416,0.512393,0.326293,0.317544,0.401177,0.328347,0.470295,0.256878,0.339866,
0.478934,0.243484,0.345768,0.523084,0.216325,0.343985,0.246622,0.476640,0.329643,0.222499,0.513878,0.326122,0.317551,0.401151,0.328330,0.471510,0.255743,0.340040,
0.479413,0.242907,0.345922,0.523946,0.215498,0.344186,0.245646,0.478064,0.329491,0.221585,0.515364,0.325948,0.317565,0.401111,0.328314,0.472722,0.254603,0.340218,
0.479883,0.242329,0.346079,0.524798,0.214674,0.344391,0.244671,0.479489,0.329336,0.220671,0.516851,0.325769,0.317587,0.401056,0.328299,0.473932,0.253460,0.340401,
0.480344,0.241751,0.346240,0.525639,0.213851,0.344600,0.243698,0.480915,0.329177,0.219760,0.518339,0.325587,0.317617,0.400987,0.328284,0.475139,0.252312,0.340589,
0.480798,0.241174,0.346404,0.526469,0.213029,0.344814,0.242727,0.482343,0.329015,0.218850,0.519827,0.325401,0.317655,0.400902,0.328270,0.476344,0.251161,0.340781,
0.481242,0.240596,0.346572,0.527289,0.212209,0.345033,0.241758,0.483771,0.328850,0.217942,0.521316,0.325211,0.317701,0.400801,0.328257,0.477546,0.250006,0.340979,
0.481679,0.240019,0.346743,0.528098,0.211391,0.345256,0.240791,0.485200,0.328681,0.217036,0.522806,0.325018,0.317756,0.400685,0.328245,0.478746,0.248847,0.341181,
0.482107,0.239441,0.346917,0.528897,0.210575,0.345483,0.239826,0.486629,0.328509,0.216131,0.524296,0.324820,0.317819,0.400553,0.328233,0.479942,0.247685,0.341389,
0.482526,0.238864,0.347094,0.529685,0.209761,0.345715,0.238863,0.488060,0.328334,0.215229,0.525787,0.324619,0.317891,0.400405,0.328223,0.481136,0.246520,0.341602,
0.482937,0.238287,0.347275,0.530462,0.208948,0.345952,0.237902,0.489491,0.328155,0.214328,0.527278,0.324414,0.317973,0.400240,0.328213,0.482326,0.245352,0.341820,
0.483340,0.237710,0.347459,0.531229,0.208138,0.346193,0.236943,0.490923,0.327972,0.213430,0.528770,0.324206,0.318064,0.400059,0.328205,0.483513,0.244181,0.342043,
0.483734,0.237134,0.347647,0.531985,0.207329,0.346439,0.235986,0.492355,0.327787,0.212533,0.530262,0.323993,0.318164,0.399860,0.328198,0.484696,0.243008,0.342271,
0.484120,0.236558,0.347838,0.532730,0.206523,0.346689,0.235031,0.493788,0.327598,0.211639,0.531755,0.323777,0.318275,0.399645,0.328192,0.485875,0.241832,0.342505,
0.484498,0.235982,0.348033,0.533465,0.205718,0.346944,0.234079,0.495222,0.327405,0.210747,0.533248,0.323557,0.318395,0.399411,0.328188,0.487051,0.240654,0.342745,
0.484867,0.235406,0.348231,0.534188,0.204916,0.347204,0.233129,0.496656,0.327209,0.209857,0.534741,0.323333,0.318525,0.399160,0.328185,0.488223,0.239474,0.342989,
0.485228,0.234831,0.348432,0.534901,0.204116,0.347469,0.232181,0.498091,0.327010,0.208969,0.536234,0.323106,0.318666,0.398891,0.328183,0.489390,0.238291,0.343240,
0.485580,0.234257,0.348637,0.535604,0.203318,0.347738,0.231236,0.499527,0.326807,0.208083,0.537728,0.322874,0.318817,0.398604,0.328184,0.490554,0.237107,0.343496,
0.485924,0.233683,0.348846,0.536295,0.202523,0.348012,0.230293,0.500963,0.326601,0.207200,0.539222,0.322639,0.318979,0.398299,0.328186,0.491712,0.235922,0.343757,
0.486259,0.233110,0.349058,0.536976,0.201731,0.348290,0.229353,0.502399,0.326391,0.206319,0.540716,0.322400,0.319152,0.397974,0.328189,0.492866,0.234735,0.344025,
0.486587,0.232537,0.349274,0.537645,0.200940,0.348574,0.228415,0.503837,0.326178,0.205441,0.542210,0.322157,0.319336,0.397631,0.328195,0.494015,0.233547,0.344298,
0.486905,0.231965,0.349493,0.538304,0.200153,0.348862,0.227479,0.505274,0.325961,0.204565,0.543704,0.321911,0.319530,0.397269,0.328203,0.495159,0.232359,0.344576,
0.487215,0.231394,0.349715,0.538952,0.199368,0.349155,0.226546,0.506712,0.325741,0.203691,0.545199,0.321660,0.319736,0.396888,0.328213,0.496298,0.231169,0.344861,
0.487517,0.230824,0.349941,0.539588,0.198585,0.349452,0.225616,0.508151,0.325517,0.202820,0.546694,0.321406,0.319954,0.396488,0.328224,0.497431,0.229980,0.345152,
0.487810,0.230255,0.350171,0.540214,0.197806,0.349755,0.224688,0.509590,0.325290,0.201951,0.548189,0.321147,0.320183,0.396068,0.328239,0.498558,0.228790,0.345448,
0.488095,0.229687,0.350404,0.540829,0.197029,0.350062,0.223763,0.511030,0.325059,0.201085,0.549683,0.320885,0.320424,0.395628,0.328255,0.499679,0.227600,0.345751,
0.488371,0.229119,0.350641,0.541433,0.196255,0.350374,0.222840,0.512470,0.324825,0.200221,0.551178,0.320619,0.320676,0.395169,0.328274,0.500794,0.226410,0.346060,
0.488638,0.228553,0.350882,0.542025,0.195484,0.350691,0.221920,0.513911,0.324587,0.199361,0.552673,0.320349,0.320940,0.394690,0.328295,0.501902,0.225221,0.346374,
0.488897,0.227988,0.351126,0.542607,0.194716,0.351013,0.221003,0.515353,0.324346,0.198502,0.554168,0.320075,0.321216,0.394191,0.328319,0.503004,0.224032,0.346695,
0.489148,0.227424,0.351373,0.543177,0.193952,0.351340,0.220088,0.516795,0.324101,0.197647,0.555663,0.319798,0.321504,0.393672,0.328346,0.504099,0.222845,0.347022,
0.489390,0.226862,0.351624,0.543736,0.193190,0.351671,0.219176,0.518237,0.323852,0.196794,0.557159,0.319516,0.321804,0.393133,0.328375,0.505187,0.221659,0.347355,
0.489623,0.226301,0.351879,0.544284,0.192432,0.352007,0.218266,0.519681,0.323600,0.195944,0.558654,0.319230,0.322116,0.392573,0.328408,0.506267,0.220474,0.347695,
0.489848,0.225741,0.352137,0.544821,0.191677,0.352348,0.217360,0.521125,0.323344,0.195096,0.560148,0.318941,0.322440,0.391994,0.328443,0.507339,0.219291,0.348040,
0.490064,0.225183,0.352399,0.545347,0.190925,0.352694,0.216456,0.522569,0.323085,0.194252,0.561643,0.318647,0.322776,0.391395,0.328481,0.508403,0.218110,0.348392,
0.490271,0.224626,0.352665,0.545861,0.190177,0.353045,0.215555,0.524014,0.322822,0.193410,0.563138,0.318350,0.323124,0.390775,0.328523,0.509460,0.216931,0.348750,
0.490470,0.224071,0.352933,0.546364,0.189432,0.353401,0.214656,0.525460,0.322555,0.192571,0.564633,0.318048,0.323484,0.390136,0.328568,0.510507,0.215755,0.349114,
0.490660,0.223518,0.353206,0.546856,0.188691,0.353761,0.213761,0.526907,0.322285,0.191735,0.566127,0.317743,0.323856,0.389476,0.328616,0.511546,0.214581,0.349485,
0.490841,0.222967,0.353482,0.547337,0.187953,0.354127,0.212868,0.528354,0.322011,0.190902,0.567622,0.317434,0.324240,0.388797,0.328667,0.512576,0.213411,0.349862,
0.491014,0.222417,0.353761,0.547806,0.187219,0.354497,0.211978,0.529802,0.321733,0.190072,0.569116,0.317120,0.324635,0.388098,0.328722,0.513597,0.212244,0.350245,
0.491178,0.221869,0.354044,0.548264,0.186489,0.354871,0.211091,0.531251,0.321452,0.189245,0.570610,0.316803,0.325042,0.387379,0.328780,0.514608,0.211080,0.350635,
0.491334,0.221323,0.354331,0.548711,0.185762,0.355251,0.210206,0.532700,0.321166,0.188422,0.572104,0.316481,0.325461,0.386640,0.328842,0.515609,0.209920,0.351031,
0.491481,0.220780,0.354621,0.549146,0.185040,0.355635,0.209325,0.534151,0.320877,0.187601,0.573597,0.316156,0.325891,0.385882,0.328907,0.516600,0.208764,0.351433,
0.491619,0.220238,0.354914,0.549571,0.184321,0.356024,0.208446,0.535602,0.320585,0.186783,0.575090,0.315826,0.326333,0.385105,0.328977,0.517581,0.207612,0.351841,
0.491748,0.219699,0.355211,0.549984,0.183606,0.356418,0.207570,0.537053,0.320288,0.185968,0.576583,0.315492,0.326786,0.384309,0.329050,0.518551,0.206465,0.352256,
0.491869,0.219161,0.355511,0.550385,0.182895,0.356816,0.206697,0.538506,0.319988,0.185157,0.578075,0.315155,0.327250,0.383495,0.329127,0.519511,0.205322,0.352677,
0.491982,0.218626,0.355814,0.550776,0.182189,0.357219,0.205828,0.539959,0.319683,0.184349,0.579567,0.314813,0.327724,0.382661,0.329208,0.520459,0.204185,0.353104,
0.492086,0.218094,0.356120,0.551155,0.181486,0.357626,0.204961,0.541413,0.319375,0.183544,0.581058,0.314467,0.328209,0.381810,0.329293,0.521396,0.203052,0.353537,
0.492181,0.217563,0.356430,0.551524,0.180787,0.358038,0.204097,0.542868,0.319063,0.182742,0.582549,0.314117,0.328705,0.380941,0.329382,0.522322,0.201925,0.353977,
0.492268,0.217035,0.356743,0.551881,0.180093,0.358454,0.203236,0.544324,0.318747,0.181944,0.584039,0.313763,0.329211,0.380054,0.329475,0.523237,0.200804,0.354423,
0.492346,0.216510,0.357059,0.552227,0.179403,0.358875,0.202378,0.545780,0.318427,0.181149,0.585528,0.313405,0.329726,0.379149,0.329572,0.524139,0.199688,0.354874,
0.492416,0.215987,0.357379,0.552562,0.178717,0.359300,0.201523,0.547237,0.318104,0.180358,0.587016,0.313043,0.330252,0.378228,0.329673,0.525029,0.198578,0.355332,
0.492477,0.215467,0.357701,0.552886,0.178035,0.359730,0.200671,0.548695,0.317776,0.179570,0.588504,0.312676,0.330786,0.377290,0.329779,0.525907,0.197475,0.355796,
0.492531,0.214949,0.358026,0.553199,0.177358,0.360164,0.199822,0.550154,0.317444,0.178785,0.589991,0.312306,0.331330,0.376336,0.329889,0.526773,0.196378,0.356266,
0.492576,0.214434,0.358355,0.553502,0.176685,0.360602,0.198976,0.551613,0.317109,0.178005,0.591477,0.311931,0.331883,0.375366,0.330003,0.527626,0.195287,0.356741,
0.492612,0.213922,0.358686,0.553794,0.176016,0.361044,0.198134,0.553073,0.316769,0.177227,0.592961,0.311552,0.332444,0.374381,0.330121,0.528467,0.194203,0.357223,
0.492641,0.213412,0.359020,0.554075,0.175352,0.361490,0.197294,0.554533,0.316426,0.176454,0.594445,0.311169,0.333013,0.373381,0.330244,0.529295,0.193126,0.357710,
0.492662,0.212906,0.359356,0.554345,0.174692,0.361940,0.196458,0.555994,0.316078,0.175684,0.595927,0.310782,0.333590,0.372366,0.330371,0.530109,0.192056,0.358203,
0.492674,0.212402,0.359696,0.554605,0.174036,0.362394,0.195626,0.557455,0.315726,0.174918,0.597408,0.310391,0.334175,0.371338,0.330503,0.530911,0.190993,0.358701,
0.492679,0.211900,0.360038,0.554855,0.173385,0.362852,0.194796,0.558917,0.315370,0.174155,0.598888,0.309996,0.334767,0.370295,0.330639,0.531700,0.189937,0.359205,
0.492676,0.211402,0.360382,0.555095,0.172738,0.363314,0.193970,0.560380,0.315011,0.173397,0.600366,0.309596,0.335366,0.369239,0.330779,0.532476,0.188888,0.359715,
0.492666,0.210907,0.360729,0.555324,0.172096,0.363780,0.193147,0.561842,0.314647,0.172642,0.601842,0.309193,0.335972,0.368171,0.330924,0.533238,0.187848,0.360230,
0.492647,0.210414,0.361079,0.555544,0.171458,0.364249,0.192328,0.563305,0.314278,0.171891,0.603317,0.308785,0.336583,0.367090,0.331073,0.533988,0.186814,0.360750,
0.492622,0.209924,0.361431,0.555753,0.170824,0.364721,0.191512,0.564768,0.313906,0.171145,0.604790,0.308373,0.337201,0.365998,0.331226,0.534724,0.185788,0.361275,
0.492589,0.209437,0.361785,0.555953,0.170195,0.365198,0.190700,0.566231,0.313530,0.170402,0.606260,0.307957,0.337824,0.364894,0.331384,0.535447,0.184770,0.361806,
0.492549,0.208954,0.362141,0.556143,0.169570,0.365677,0.189891,0.567695,0.313149,0.169664,0.607729,0.307536,0.338452,0.363780,0.331546,0.536156,0.183760,0.362342,
0.492501,0.208473,0.362499,0.556324,0.168949,0.366160,0.189086,0.569158,0.312765,0.168929,0.609196,0.307112,0.339085,0.362655,0.331712,0.536853,0.182757,0.362882,
0.492447,0.207994,0.362859,0.556495,0.168333,0.366646,0.188284,0.570621,0.312376,0.168199,0.610660,0.306684,0.339723,0.361520,0.331883,0.537536,0.181763,0.363428,
0.492386,0.207519,0.363222,0.556658,0.167721,0.367135,0.187487,0.572084,0.311983,0.167473,0.612122,0.306251,0.340365,0.360376,0.332058,0.538206,0.180776,0.363978,
0.492318,0.207047,0.363586,0.556811,0.167114,0.367628,0.186693,0.573546,0.311586,0.166751,0.613581,0.305814,0.341010,0.359223,0.332237,0.538863,0.179797,0.364533,
0.492244,0.206577,0.363952,0.556956,0.166510,0.368123,0.185902,0.575008,0.311184,0.166034,0.615038,0.305374,0.341659,0.358062,0.332421,0.539508,0.178826,0.365093,
0.492163,0.206111,0.364319,0.557092,0.165911,0.368621,0.185116,0.576470,0.310779,0.165320,0.616492,0.304929,0.342312,0.356893,0.332609,0.540139,0.177863,0.365657,
0.492076,0.205647,0.364688,0.557219,0.165317,0.369122,0.184334,0.577931,0.310369,0.164612,0.617943,0.304480,0.342967,0.355716,0.332801,0.540757,0.176908,0.366225,
0.491983,0.205186,0.365058,0.557339,0.164726,0.369625,0.183555,0.579391,0.309955,0.163908,0.619391,0.304027,0.343625,0.354533,0.332997,0.541363,0.175960,0.366798,
0.491885,0.204728,0.365430,0.557450,0.164140,0.370131,0.182781,0.580851,0.309537,0.163208,0.620835,0.303570,0.344284,0.353342,0.333197,0.541957,0.175021,0.367375,
0.491780,0.204273,0.365803,0.557553,0.163557,0.370639,0.182010,0.582309,0.309115,0.162513,0.622277,0.303109,0.344946,0.352146,0.333401,0.542538,0.174090,0.367956,
0.491670,0.203821,0.366178,0.557649,0.162979,0.371150,0.181244,0.583766,0.308688,0.161822,0.623715,0.302644,0.345610,0.350944,0.333609,0.543107,0.173166,0.368541,
0.491554,0.203371,0.366553,0.557737,0.162405,0.371663,0.180482,0.585222,0.308257,0.161136,0.625150,0.302175,0.346275,0.349737,0.333821,0.543663,0.172250,0.369130,
0.491433,0.202924,0.366930,0.557817,0.161834,0.372178,0.179724,0.586677,0.307823,0.160455,0.626580,0.301702,0.346941,0.348525,0.334037,0.544208,0.171342,0.369723,
0.491307,0.202480,0.367307,0.557891,0.161268,0.372695,0.178971,0.588130,0.307383,0.159778,0.628007,0.301225,0.347608,0.347308,0.334257,0.544741,0.170442,0.370319,
0.491176,0.202039,0.367685,0.557958,0.160706,0.373215,0.178221,0.589582,0.306940,0.159106,0.629431,0.300744,0.348275,0.346088,0.334481,0.545263,0.169549,0.370919,
0.491040,0.201600,0.368064,0.558018,0.160147,0.373736,0.177477,0.591032,0.306493,0.158439,0.630850,0.300259,0.348943,0.344864,0.334709,0.545774,0.168664,0.371523,
0.490899,0.201164,0.368444,0.558071,0.159593,0.374258,0.176736,0.592480,0.306041,0.157777,0.632265,0.299771,0.349611,0.343637,0.334940,0.546273,0.167786,0.372130,
0.490755,0.200731,0.368824,0.558118,0.159042,0.374783,0.176000,0.593926,0.305585,0.157119,0.633675,0.299278,0.350279,0.342407,0.335175,0.546761,0.166916,0.372740,
0.490606,0.200300,0.369205,0.558159,0.158494,0.375309,0.175269,0.595370,0.305125,0.156467,0.635081,0.298782,0.350946,0.341174,0.335413,0.547239,0.166053,0.373354,
0.490452,0.199871,0.369586,0.558194,0.157951,0.375836,0.174542,0.596812,0.304661,0.155819,0.636483,0.298282,0.351613,0.339939,0.335655,0.547707,0.165197,0.373971,
0.490295,0.199446,0.369967,0.558223,0.157411,0.376365,0.173819,0.598251,0.304193,0.155176,0.637880,0.297778,0.352279,0.338703,0.335901,0.548164,0.164349,0.374591,
0.490134,0.199022,0.370348,0.558247,0.156875,0.376895,0.173102,0.599688,0.303721,0.154539,0.639272,0.297271,0.352944,0.337465,0.336150,0.548611,0.163507,0.375213,
0.489970,0.198602,0.370730,0.558265,0.156342,0.377426,0.172389,0.601123,0.303245,0.153906,0.640660,0.296760,0.353608,0.336226,0.336402,0.549048,0.162673,0.375839,
0.489802,0.198183,0.371111,0.558278,0.155813,0.377958,0.171681,0.602554,0.302764,0.153278,0.642042,0.296245,0.354271,0.334986,0.336657,0.549476,0.161846,0.376468,
0.489631,0.197767,0.371492,0.558287,0.155287,0.378492,0.170977,0.603983,0.302280,0.152655,0.643420,0.295726,0.354933,0.333745,0.336916,0.549895,0.161025,0.377099,
0.489457,0.197354,0.371873,0.558290,0.154765,0.379026,0.170279,0.605409,0.301791,0.152037,0.644792,0.295204,0.355592,0.332504,0.337178,0.550305,0.160211,0.377733,
0.489280,0.196943,0.372254,0.558289,0.154246,0.379560,0.169585,0.606832,0.301299,0.151425,0.646159,0.294678,0.356250,0.331263,0.337443,0.550706,0.159403,0.378369,
0.489100,0.196534,0.372635,0.558284,0.153730,0.380096,0.168896,0.608251,0.300802,0.150817,0.647520,0.294149,0.356907,0.330023,0.337712,0.551099,0.158602,0.379008,
0.488918,0.196127,0.373014,0.558274,0.153218,0.380632,0.168212,0.609667,0.300302,0.150215,0.648876,0.293616,0.357561,0.328783,0.337983,0.551483,0.157808,0.379650,
0.488733,0.195723,0.373394,0.558260,0.152709,0.381168,0.167533,0.611080,0.299797,0.149617,0.650226,0.293080,0.358213,0.327543,0.338257,0.551860,0.157019,0.380293,
0.488546,0.195321,0.373772,0.558243,0.152203,0.381705,0.166859,0.612489,0.299289,0.149025,0.651571,0.292541,0.358863,0.326305,0.338534,0.552228,0.156237,0.380940,
0.488357,0.194921,0.374150,0.558222,0.151700,0.382243,0.166190,0.613895,0.298776,0.148438,0.652910,0.291998,0.359510,0.325068,0.338814,0.552590,0.155461,0.381588,
0.488166,0.194524,0.374527,0.558197,0.151200,0.382780,0.165526,0.615296,0.298260,0.147856,0.654243,0.291451,0.360155,0.323832,0.339097,0.552944,0.154690,0.382238,
0.487973,0.194129,0.374904,0.558170,0.150703,0.383318,0.164868,0.616694,0.297740,0.147279,0.655571,0.290902,0.360798,0.322597,0.339382,0.553291,0.153926,0.382891,
0.487778,0.193735,0.375279,0.558139,0.150210,0.383855,0.164214,0.618088,0.297216,0.146708,0.656892,0.290349,0.361438,0.321365,0.339670,0.553632,0.153167,0.383545,
0.487582,0.193344,0.375653,0.558105,0.149719,0.384393,0.163565,0.619478,0.296688,0.146141,0.658207,0.289792,0.362076,0.320134,0.339961,0.553966,0.152414,0.384202,
0.487384,0.192956,0.376025,0.558068,0.149231,0.384930,0.162922,0.620864,0.296157,0.145580,0.659516,0.289233,0.362710,0.318906,0.340254,0.554294,0.151666,0.384861,
0.487185,0.192569,0.376397,0.558029,0.148746,0.385467,0.162283,0.622245,0.295622,0.145024,0.660819,0.288670,0.363343,0.317680,0.340550,0.554616,0.150924,0.385521,
0.486985,0.192184,0.376767,0.557988,0.148264,0.386004,0.161650,0.623622,0.295083,0.144473,0.662115,0.288105,0.363972,0.316456,0.340848,0.554933,0.150186,0.386183,
0.486784,0.191802,0.377135,0.557944,0.147785,0.386540,0.161022,0.624995,0.294540,0.143928,0.663406,0.287536,0.364598,0.315235,0.341149,0.555244,0.149454,0.386848,
0.486581,0.191421,0.377502,0.557898,0.147309,0.387076,0.160399,0.626363,0.293993,0.143387,0.664690,0.286964,0.365222,0.314016,0.341452,0.555550,0.148727,0.387514,
0.486379,0.191043,0.377868,0.557850,0.146835,0.387611,0.159782,0.627726,0.293443,0.142852,0.665967,0.286389,0.365843,0.312801,0.341757,0.555852,0.148004,0.388181,
0.486175,0.190667,0.378231,0.557800,0.146364,0.388146,0.159169,0.629085,0.292889,0.142322,0.667238,0.285811,0.366460,0.311588,0.342065,0.556149,0.147287,0.388851,
0.485971,0.190293,0.378593,0.557749,0.145896,0.388680,0.158562,0.630439,0.292332,0.141797,0.668502,0.285230,0.367075,0.310379,0.342375,0.556441,0.146574,0.389522,
0.485767,0.189920,0.378953,0.557696,0.145430,0.389213,0.157960,0.631789,0.291770,0.141278,0.669760,0.284646,0.367687,0.309172,0.342687,0.556730,0.145865,0.390195,
0.485562,0.189550,0.379310,0.557642,0.144967,0.389745,0.157364,0.633133,0.291206,0.140763,0.671011,0.284059,0.368296,0.307969,0.343002,0.557014,0.145161,0.390869,
0.485357,0.189182,0.379666,0.557587,0.144506,0.390276,0.156773,0.634473,0.290637,0.140254,0.672256,0.283470,0.368902,0.306769,0.343318,0.557296,0.144461,0.391545,
0.485152,0.188816,0.380019,0.557531,0.144048,0.390806,0.156187,0.635807,0.290065,0.139750,0.673494,0.282877,0.369505,0.305573,0.343637,0.557574,0.143765,0.392223,
0.484947,0.188452,0.380370,0.557473,0.143593,0.391335,0.155606,0.637137,0.289490,0.139251,0.674725,0.282282,0.370105,0.304380,0.343957,0.557849,0.143073,0.392903,
0.484742,0.188091,0.380719,0.557415,0.143140,0.391863,0.155030,0.638461,0.288911,0.138758,0.675949,0.281684,0.370702,0.303191,0.344280,0.558121,0.142384,0.393584,
0.484537,0.187731,0.381065,0.557357,0.142689,0.392389,0.154460,0.639781,0.288328,0.138269,0.677166,0.281083,0.371296,0.302005,0.344605,0.558391,0.141700,0.394267,
0.484332,0.187373,0.381409,0.557297,0.142241,0.392914,0.153895,0.641095,0.287742,0.137786,0.678377,0.280480,0.371888,0.300823,0.344931,0.558659,0.141019,0.394951,
0.484128,0.187017,0.381749,0.557238,0.141795,0.393438,0.153336,0.642404,0.287153,0.137308,0.679581,0.279874,0.372476,0.299645,0.345260,0.558924,0.140341,0.395638,
0.483925,0.186664,0.382087,0.557178,0.141352,0.393959,0.152781,0.643708,0.286560,0.136835,0.680778,0.279265,0.373062,0.298471,0.345591,0.559188,0.139667,0.396326,
0.483722,0.186312,0.382422,0.557118,0.140911,0.394480,0.152232,0.645006,0.285963,0.136367,0.681968,0.278653,0.373645,0.297300,0.345923,0.559451,0.138996,0.397015,
0.483519,0.185963,0.382754,0.557058,0.140472,0.394998,0.151688,0.646300,0.285363,0.135904,0.683151,0.278039,0.374224,0.296133,0.346258,0.559712,0.138328,0.397707,
0.483318,0.185616,0.383083,0.556999,0.140035,0.395515,0.151150,0.647588,0.284760,0.135446,0.684327,0.277422,0.374802,0.294970,0.346594,0.559973,0.137663,0.398400,
0.483117,0.185271,0.383409,0.556939,0.139601,0.396030,0.150617,0.648870,0.284153,0.134994,0.685496,0.276803,0.375376,0.293811,0.346932,0.560232,0.137001,0.399095,
0.482917,0.184928,0.383731,0.556880,0.139169,0.396543,0.150089,0.650147,0.283543,0.134547,0.686659,0.276181,0.375948,0.292655,0.347272,0.560492,0.136341,0.399792,
0.482718,0.184587,0.384050,0.556821,0.138739,0.397054,0.149566,0.651419,0.282929,0.134105,0.687814,0.275557,0.376517,0.291504,0.347614,0.560751,0.135684,0.400491,
0.482520,0.184249,0.384365,0.556763,0.138311,0.397563,0.149049,0.652686,0.282312,0.133668,0.688962,0.274930,0.377084,0.290356,0.347958,0.561011,0.135028,0.401193,
0.482323,0.183912,0.384677,0.556706,0.137886,0.398069,0.148537,0.653947,0.281691,0.133236,0.690103,0.274300,0.377648,0.289212,0.348304,0.561271,0.134376,0.401896,
0.482127,0.183578,0.384985,0.556650,0.137462,0.398574,0.148030,0.655203,0.281067,0.132809,0.691238,0.273669,0.378210,0.288072,0.348652,0.561532,0.133725,0.402601,
0.481933,0.183246,0.385289,0.556595,0.137041,0.399076,0.147529,0.656453,0.280439,0.132388,0.692365,0.273034,0.378769,0.286936,0.349002,0.561793,0.133076,0.403309,
0.481740,0.182917,0.385588,0.556541,0.136621,0.399576,0.147033,0.657698,0.279808,0.131971,0.693485,0.272397,0.379326,0.285803,0.349354,0.562056,0.132428,0.404020,
0.481548,0.182590,0.385884,0.556488,0.136204,0.400073,0.146542,0.658938,0.279173,0.131560,0.694598,0.271758,0.379881,0.284675,0.349707,0.562321,0.131782,0.404732,
0.481358,0.182265,0.386175,0.556436,0.135789,0.400567,0.146057,0.660172,0.278534,0.131154,0.695705,0.271116,0.380433,0.283549,0.350063,0.562587,0.131138,0.405448,
0.481170,0.181943,0.386462,0.556386,0.135375,0.401059,0.145576,0.661401,0.277893,0.130753,0.696804,0.270472,0.380984,0.282428,0.350421,0.562856,0.130494,0.406166,
0.480982,0.181623,0.386744,0.556338,0.134964,0.401548,0.145101,0.662625,0.277247,0.130357,0.697896,0.269825,0.381532,0.281310,0.350781,0.563127,0.129852,0.406887,
0.480797,0.181306,0.387022,0.556291,0.134554,0.402035,0.144632,0.663843,0.276598,0.129966,0.698981,0.269176,0.382079,0.280195,0.351143,0.563401,0.129211,0.407612,
0.480614,0.180991,0.387294,0.556247,0.134147,0.402518,0.144167,0.665057,0.275945,0.129581,0.700059,0.268524,0.382623,0.279083,0.351507,0.563678,0.128570,0.408339,
0.480432,0.180679,0.387561,0.556204,0.133741,0.402998,0.143708,0.666265,0.275289,0.129201,0.701130,0.267870,0.383166,0.277975,0.351874,0.563958,0.127929,0.409070,
0.480252,0.180369,0.387823,0.556164,0.133337,0.403476,0.143254,0.667467,0.274628,0.128826,0.702194,0.267213,0.383707,0.276870,0.352243,0.564242,0.127289,0.409805,
0.480074,0.180062,0.388080,0.556125,0.132935,0.403950,0.142806,0.668665,0.273964,0.128456,0.703251,0.266554,0.384247,0.275769,0.352615,0.564531,0.126649,0.410543,
0.479898,0.179758,0.388331,0.556090,0.132535,0.404421,0.142363,0.669857,0.273296,0.128091,0.704300,0.265892,0.384785,0.274670,0.352989,0.564823,0.126008,0.411286,
0.479724,0.179457,0.388576,0.556056,0.132136,0.404888,0.141925,0.671045,0.272624,0.127732,0.705343,0.265228,0.385321,0.273574,0.353366,0.565121,0.125367,0.412032,
0.479552,0.179159,0.388816,0.556026,0.131739,0.405352,0.141493,0.672227,0.271949,0.127378,0.706379,0.264561,0.385857,0.272480,0.353746,0.565423,0.124726,0.412784,
0.479383,0.178863,0.389049,0.555998,0.131344,0.405812,0.141066,0.673404,0.271269,0.127029,0.707407,0.263891,0.386391,0.271389,0.354128,0.565731,0.124083,0.413540,
0.479215,0.178571,0.389275,0.555974,0.130950,0.406269,0.140644,0.674577,0.270584,0.126686,0.708428,0.263219,0.386924,0.270301,0.354514,0.566045,0.123440,0.414301,
0.479050,0.178281,0.389495,0.555952,0.130558,0.406722,0.140228,0.675744,0.269896,0.126348,0.709442,0.262544,0.387456,0.269214,0.354903,0.566366,0.122795,0.415068,
0.478888,0.177995,0.389708,0.555934,0.130168,0.407171,0.139817,0.676907,0.269204,0.126016,0.710450,0.261867,0.387987,0.268130,0.355295,0.566693,0.122149,0.415841,
0.478728,0.177712,0.389914,0.555920,0.129779,0.407616,0.139411,0.678065,0.268506,0.125689,0.711449,0.261187,0.388517,0.267048,0.355692,0.567027,0.121501,0.416620,
0.478570,0.177433,0.390113,0.555909,0.129391,0.408057,0.139011,0.679218,0.267805,0.125367,0.712442,0.260504,0.389047,0.265967,0.356091,0.567368,0.120850,0.417405,
0.478416,0.177156,0.390304,0.555902,0.129005,0.408494,0.138617,0.680367,0.267099,0.125051,0.713427,0.259818,0.389577,0.264888,0.356495,0.567718,0.120197,0.418197,
0.478264,0.176884,0.390487,0.555899,0.128621,0.408927,0.138228,0.681511,0.266388,0.124741,0.714406,0.259130,0.390105,0.263809,0.356903,0.568076,0.119542,0.418997,
0.478114,0.176615,0.390662,0.555900,0.128238,0.409355,0.137845,0.682651,0.265672,0.124437,0.715376,0.258438,0.390634,0.262732,0.357316,0.568443,0.118883,0.419805,
0.477968,0.176349,0.390828,0.555906,0.127856,0.409778,0.137467,0.683786,0.264951,0.124138,0.716340,0.257744,0.391163,0.261655,0.357734,0.568820,0.118221,0.420621,
0.477825,0.176087,0.390985,0.555917,0.127475,0.410197,0.137095,0.684917,0.264224,0.123845,0.717296,0.257046,0.391691,0.260579,0.358157,0.569206,0.117555,0.421446,
0.477685,0.175830,0.391133,0.555932,0.127096,0.410611,0.136728,0.686044,0.263493,0.123558,0.718245,0.256346,0.392220,0.259503,0.358585,0.569603,0.116886,0.422280,
0.477548,0.175576,0.391272,0.555953,0.126717,0.411020,0.136368,0.687166,0.262756,0.123277,0.719186,0.255642,0.392749,0.258427,0.359019,0.570011,0.116211,0.423125,
0.477415,0.175327,0.391401,0.555978,0.126340,0.411423,0.136013,0.688285,0.262013,0.123002,0.720119,0.254935,0.393278,0.257349,0.359459,0.570430,0.115533,0.423981,
0.477284,0.175081,0.391519,0.556010,0.125964,0.411822,0.135664,0.689400,0.261265,0.122734,0.721045,0.254224,0.393808,0.256272,0.359907,0.570861,0.114848,0.424848,
0.477158,0.174841,0.391627,0.556047,0.125589,0.412215,0.135321,0.690511,0.260510,0.122471,0.721963,0.253511,0.394339,0.255192,0.360361,0.571305,0.114159,0.425727,
0.477035,0.174605,0.391723,0.556091,0.125214,0.412603,0.134984,0.691618,0.259749,0.122216,0.722873,0.252794,0.394870,0.254111,0.360823,0.571762,0.113463,0.426619,
0.476916,0.174373,0.391808,0.556141,0.124841,0.412984,0.134654,0.692722,0.258981,0.121966,0.723776,0.252073,0.395402,0.253028,0.361294,0.572233,0.112761,0.427526,
0.476801,0.174147,0.391880,0.556198,0.124468,0.413360,0.134329,0.693822,0.258206,0.121724,0.724670,0.251349,0.395936,0.251942,0.361773,0.572719,0.112052,0.428447,
0.476691,0.173925,0.391940,0.556261,0.124096,0.413730,0.134011,0.694919,0.257425,0.121488,0.725556,0.250620,0.396470,0.250853,0.362262,0.573219,0.111336,0.429384,
0.476584,0.173709,0.391987,0.556333,0.123724,0.414094,0.133699,0.696013,0.256636,0.121260,0.726433,0.249889,0.397006,0.249761,0.362761,0.573735,0.110612,0.430337,
0.476482,0.173498,0.392019,0.556412,0.123353,0.414451,0.133393,0.697104,0.255839,0.121038,0.727302,0.249153,0.397543,0.248665,0.363271,0.574268,0.109880,0.431309,
0.476385,0.173293,0.392038,0.556499,0.122983,0.414801,0.133095,0.698191,0.255035,0.120824,0.728162,0.248413,0.398081,0.247563,0.363793,0.574817,0.109139,0.432299,
0.476293,0.173094,0.392041,0.556595,0.122612,0.415145,0.132803,0.699276,0.254222,0.120618,0.729013,0.247669,0.398621,0.246457,0.364327,0.575384,0.108390,0.433310,
0.476206,0.172901,0.392029,0.556699,0.122242,0.415482,0.132518,0.700358,0.253401,0.120419,0.729855,0.246921,0.399162,0.245345,0.364876,0.575969,0.107630,0.434343,
0.476124,0.172714,0.392000,0.556813,0.121872,0.415811,0.132240,0.701438,0.252570,0.120229,0.730687,0.246169,0.399705,0.244227,0.365438,0.576574,0.106860,0.435398,
0.476048,0.172533,0.391953,0.556937,0.121502,0.416133,0.131969,0.702515,0.251731,0.120046,0.731510,0.245412,0.400249,0.243101,0.366017,0.577197,0.106080,0.436478,
0.475977,0.172360,0.391889,0.557071,0.121132,0.416447,0.131706,0.703590,0.250881,0.119873,0.732323,0.244651,0.400795,0.241968,0.366613,0.577841,0.105288,0.437583,
0.475913,0.172193,0.391806,0.557215,0.120761,0.416754,0.131450,0.704662,0.250021,0.119708,0.733125,0.243885,0.401342,0.240827,0.367226,0.578505,0.104485,0.438716,
0.475855,0.172034,0.391704,0.557371,0.120390,0.417052,0.131202,0.705733,0.249151,0.119552,0.733916,0.243115,0.401890,0.239676,0.367860,0.579190,0.103669,0.439878,
0.475804,0.171882,0.391580,0.557539,0.120018,0.417342,0.130963,0.706801,0.248270,0.119405,0.734696,0.242340,0.402439,0.238516,0.368514,0.579897,0.102841,0.441071,
0.475761,0.171738,0.391436,0.557719,0.119645,0.417623,0.130731,0.707868,0.247377,0.119269,0.735465,0.241560,0.402988,0.237346,0.369190,0.580626,0.102000,0.442296,
0.475724,0.171601,0.391268,0.557912,0.119272,0.417896,0.130508,0.708934,0.246472,0.119142,0.736221,0.240775,0.403537,0.236165,0.369891,0.581377,0.101146,0.443556,
0.475696,0.171474,0.391077,0.558118,0.118897,0.418159,0.130294,0.709998,0.245555,0.119026,0.736965,0.239986,0.404086,0.234972,0.370617,0.582150,0.100278,0.444851,
0.475676,0.171355,0.390862,0.558338,0.118521,0.418413,0.130088,0.711060,0.244625,0.118920,0.737695,0.239191,0.404634,0.233767,0.371370,0.582946,0.099396,0.446185,
0.475665,0.171245,0.390620,0.558573,0.118144,0.418658,0.129892,0.712121,0.243681,0.118826,0.738412,0.238392,0.405180,0.232550,0.372152,0.583764,0.098500,0.447559,
0.475663,0.171144,0.390352,0.558823,0.117765,0.418893,0.129706,0.713181,0.242723,0.118743,0.739114,0.237589,0.405723,0.231320,0.372966,0.584604,0.097589,0.448974,
0.475671,0.171053,0.390056,0.559088,0.117384,0.419118,0.129530,0.714239,0.241751,0.118673,0.739801,0.236780,0.406263,0.230076,0.373812,0.585465,0.096664,0.450434,
0.475689,0.170971,0.389730,0.559370,0.117001,0.419333,0.129364,0.715297,0.240763,0.118614,0.740472,0.235967,0.406797,0.228819,0.374692,0.586347,0.095725,0.451938,
0.475719,0.170900,0.389374,0.559669,0.116615,0.419537,0.129208,0.716354,0.239760,0.118569,0.741126,0.235149,0.407324,0.227548,0.375610,0.587250,0.094772,0.453490,
0.475760,0.170839,0.388986,0.559986,0.116228,0.419731,0.129064,0.717409,0.238741,0.118537,0.741763,0.234327,0.407843,0.226264,0.376565,0.588171,0.093805,0.455091,
0.475813,0.170789,0.388565,0.560320,0.115837,0.419914,0.128931,0.718464,0.237705,0.118518,0.742382,0.233502,0.408351,0.224967,0.377561,0.589109,0.092825,0.456741,
0.475879,0.170750,0.388110,0.560674,0.115444,0.420086,0.128810,0.719517,0.236652,0.118514,0.742981,0.232672,0.408847,0.223657,0.378599,0.590062,0.091832,0.458443,
0.475960,0.170722,0.387619,0.561046,0.115047,0.420248,0.128701,0.720569,0.235582,0.118524,0.743560,0.231838,0.409328,0.222336,0.379680,0.591028,0.090828,0.460196,
0.476054,0.170706,0.387091,0.561438,0.114647,0.420398,0.128604,0.721621,0.234494,0.118550,0.744118,0.231002,0.409790,0.221004,0.380806,0.592005,0.089813,0.462003,
0.476164,0.170700,0.386526,0.561850,0.114244,0.420536,0.128521,0.722671,0.233387,0.118591,0.744654,0.230163,0.410231,0.219664,0.381977,0.592989,0.088789,0.463862,
0.476291,0.170707,0.385922,0.562282,0.113837,0.420664,0.128451,0.723719,0.232261,0.118647,0.745168,0.229321,0.410648,0.218316,0.383195,0.593978,0.087757,0.465773,
0.476434,0.170725,0.385278,0.562735,0.113427,0.420780,0.128395,0.724766,0.231117,0.118720,0.745657,0.228477,0.411036,0.216964,0.384460,0.594967,0.086719,0.467737,
0.476596,0.170755,0.384593,0.563208,0.113013,0.420886,0.128353,0.725811,0.229954,0.118809,0.746123,0.227633,0.411392,0.215610,0.385772,0.595952,0.085678,0.469750,
0.476777,0.170796,0.383866,0.563701,0.112595,0.420979,0.128326,0.726855,0.228771,0.118914,0.746563,0.226787,0.411711,0.214256,0.387130,0.596929,0.084634,0.471812,
0.476977,0.170849,0.383098,0.564215,0.112173,0.421062,0.128314,0.727896,0.227570,0.119036,0.746978,0.225941,0.411990,0.212907,0.388534,0.597893,0.083592,0.473920,
0.477199,0.170914,0.382287,0.564750,0.111747,0.421134,0.128317,0.728935,0.226349,0.119175,0.747367,0.225096,0.412223,0.211566,0.389981,0.598840,0.082552,0.476071,
0.477443,0.170989,0.381433,0.565304,0.111318,0.421195,0.128335,0.729971,0.225109,0.119330,0.747730,0.224252,0.412408,0.210238,0.391470,0.599763,0.081518,0.478261,
0.477710,0.171075,0.380536,0.565877,0.110886,0.421245,0.128370,0.731004,0.223851,0.119501,0.748067,0.223410,0.412539,0.208925,0.392997,0.600659,0.080492,0.480486,
0.478001,0.171170,0.379597,0.566469,0.110450,0.421285,0.128421,0.732034,0.222575,0.119689,0.748378,0.222570,0.412612,0.207633,0.394559,0.601521,0.079478,0.482740,
0.478317,0.171276,0.378615,0.567078,0.110011,0.421315,0.128487,0.733061,0.221282,0.119892,0.748664,0.221732,0.412625,0.206366,0.396153,0.602345,0.078477,0.485020,
0.478659,0.171390,0.377593,0.567704,0.109570,0.421335,0.128571,0.734084,0.219971,0.120111,0.748925,0.220898,0.412573,0.205129,0.397774,0.603126,0.077492,0.487318,
0.479028,0.171513,0.376529,0.568346,0.109127,0.421346,0.128670,0.735104,0.218645,0.120344,0.749164,0.220067,0.412455,0.203924,0.399417,0.603860,0.076527,0.489630,
0.479425,0.171643,0.375427,0.569003,0.108682,0.421347,0.128786,0.736119,0.217303,0.120590,0.749380,0.219240,0.412269,0.202758,0.401077,0.604543,0.075583,0.491949,
0.479851,0.171779,0.374287,0.569672,0.108236,0.421339,0.128918,0.737131,0.215947,0.120849,0.749577,0.218417,0.412013,0.201631,0.402749,0.605170,0.074662,0.494268,
0.480305,0.171922,0.373111,0.570353,0.107789,0.421323,0.129067,0.738139,0.214578,0.121121,0.749756,0.217598,0.411687,0.200549,0.404427,0.605740,0.073766,0.496583,
0.480790,0.172068,0.371900,0.571044,0.107342,0.421299,0.129231,0.739142,0.213197,0.121403,0.749919,0.216783,0.411293,0.199512,0.406106,0.606249,0.072897,0.498887,
0.481304,0.172219,0.370658,0.571744,0.106896,0.421267,0.129411,0.740142,0.211804,0.121694,0.750070,0.215971,0.410831,0.198522,0.407782,0.606697,0.072056,0.501174,
0.481850,0.172372,0.369386,0.572450,0.106452,0.421227,0.129606,0.741138,0.210403,0.121994,0.750210,0.215162,0.410305,0.197580,0.409448,0.607083,0.071243,0.503440,
0.482426,0.172526,0.368086,0.573162,0.106009,0.421180,0.129816,0.742130,0.208992,0.122301,0.750343,0.214357,0.409716,0.196686,0.411102,0.607405,0.070460,0.505679,
0.483033,0.172681,0.366761,0.573878,0.105569,0.421127,0.130040,0.743119,0.207574,0.122614,0.750473,0.213553,0.409071,0.195840,0.412738,0.607664,0.069707,0.507889,
0.483671,0.172836,0.365414,0.574597,0.105132,0.421066,0.130279,0.744104,0.206150,0.122932,0.750601,0.212750,0.408371,0.195041,0.414354,0.607862,0.068983,0.510066,
0.484340,0.172989,0.364047,0.575315,0.104698,0.421000,0.130530,0.745086,0.204722,0.123253,0.750731,0.211949,0.407624,0.194286,0.415947,0.607999,0.068289,0.512207,
0.485039,0.173140,0.362662,0.576034,0.104269,0.420928,0.130795,0.746066,0.203289,0.123577,0.750867,0.211147,0.406833,0.193573,0.417514,0.608078,0.067623,0.514309,
0.485767,0.173287,0.361263,0.576750,0.103845,0.420850,0.131071,0.747042,0.201854,0.123902,0.751010,0.210343,0.406005,0.192900,0.419055,0.608099,0.066986,0.516372,
0.486525,0.173431,0.359851,0.577462,0.103426,0.420767,0.131359,0.748016,0.200417,0.124227,0.751165,0.209538,0.405144,0.192264,0.420567,0.608066,0.066375,0.518395,
0.487311,0.173569,0.358428,0.578170,0.103013,0.420678,0.131658,0.748988,0.198980,0.124552,0.751333,0.208730,0.404257,0.191661,0.422052,0.607981,0.065791,0.520376,
0.488124,0.173702,0.356998,0.578871,0.102605,0.420585,0.131968,0.749957,0.197543,0.124875,0.751516,0.207918,0.403348,0.191087,0.423507,0.607846,0.065232,0.522317,
0.488963,0.173829,0.355561,0.579566,0.102204,0.420488,0.132287,0.750924,0.196107,0.125195,0.751717,0.207101,0.402423,0.190540,0.424935,0.607665,0.064697,0.524217,
0.489827,0.173949,0.354121,0.580252,0.101809,0.420386,0.132615,0.751890,0.194674,0.125512,0.751938,0.206279,0.401486,0.190015,0.426334,0.607439,0.064184,0.526078,
0.490715,0.174062,0.352678,0.580930,0.101420,0.420280,0.132951,0.752853,0.193244,0.125826,0.752180,0.205451,0.400541,0.189510,0.427708,0.607172,0.063692,0.527900,
0.491626,0.174168,0.351235,0.581597,0.101038,0.420171,0.133295,0.753814,0.191817,0.126136,0.752444,0.204616,0.399592,0.189021,0.429056,0.606866,0.063220,0.529685,
0.492558,0.174266,0.349792,0.582254,0.100663,0.420058,0.133646,0.754773,0.190395,0.126441,0.752731,0.203775,0.398643,0.188545,0.430380,0.606524,0.062767,0.531435,
0.493509,0.174355,0.348353,0.582899,0.100294,0.419942,0.134004,0.755731,0.188978,0.126741,0.753042,0.202926,0.397696,0.188079,0.431681,0.606146,0.062331,0.533150,
0.494479,0.174436,0.346917,0.583532,0.099932,0.419823,0.134369,0.756685,0.187567,0.127036,0.753377,0.202069,0.396754,0.187621,0.432962,0.605737,0.061912,0.534833,
0.495466,0.174509,0.345485,0.584152,0.099577,0.419702,0.134738,0.757638,0.186162,0.127326,0.753737,0.201205,0.395819,0.187169,0.434222,0.605297,0.061508,0.536485,
0.496468,0.174573,0.344060,0.584759,0.099228,0.419578,0.135113,0.758587,0.184764,0.127610,0.754120,0.200332,0.394893,0.186719,0.435465,0.604829,0.061117,0.538109,
0.497484,0.174628,0.342641,0.585353,0.098885,0.419452,0.135493,0.759534,0.183374,0.127889,0.754528,0.199452,0.393977,0.186272,0.436692,0.604334,0.060740,0.539706,
0.498513,0.174675,0.341230,0.585932,0.098548,0.419324,0.135876,0.760478,0.181991,0.128162,0.754959,0.198563,0.393071,0.185824,0.437904,0.603814,0.060375,0.541277,
0.499553,0.174713,0.339827,0.586498,0.098218,0.419194,0.136264,0.761418,0.180617,0.128430,0.755413,0.197667,0.392177,0.185375,0.439102,0.603270,0.060021,0.542825,
0.500604,0.174742,0.338433,0.587048,0.097893,0.419063,0.136655,0.762354,0.179251,0.128692,0.755890,0.196764,0.391295,0.184924,0.440288,0.602703,0.059677,0.544350,
0.501663,0.174763,0.337048,0.587584,0.097574,0.418931,0.137049,0.763286,0.177894,0.128950,0.756388,0.195853,0.390424,0.184469,0.441464,0.602115,0.059342,0.545856,
0.502731,0.174775,0.335673,0.588105,0.097261,0.418797,0.137446,0.764214,0.176547,0.129201,0.756906,0.194935,0.389566,0.184009,0.442630,0.601507,0.059017,0.547342,
0.503805,0.174779,0.334308,0.588612,0.096953,0.418663,0.137845,0.765137,0.175209,0.129448,0.757444,0.194011,0.388720,0.183545,0.443787,0.600878,0.058700,0.548810,
0.504884,0.174775,0.332953,0.589103,0.096649,0.418528,0.138246,0.766056,0.173881,0.129690,0.758001,0.193081,0.387885,0.183076,0.444936,0.600232,0.058390,0.550263,
0.505968,0.174762,0.331608,0.589579,0.096351,0.418393,0.138650,0.766968,0.172564,0.129927,0.758575,0.192145,0.387061,0.182601,0.446079,0.599567,0.058087,0.551700,
0.507056,0.174742,0.330275,0.590040,0.096058,0.418257,0.139055,0.767876,0.171256,0.130160,0.759165,0.191204,0.386248,0.182120,0.447217,0.598885,0.057791,0.553123,
0.508147,0.174713,0.328952,0.590487,0.095769,0.418121,0.139462,0.768777,0.169960,0.130388,0.759771,0.190258,0.385444,0.181633,0.448349,0.598187,0.057501,0.554533,
0.509240,0.174678,0.327641,0.590918,0.095484,0.417985,0.139870,0.769672,0.168674,0.130612,0.760391,0.189308,0.384651,0.181140,0.449477,0.597473,0.057216,0.555930,
0.510334,0.174634,0.326340,0.591335,0.095204,0.417849,0.140279,0.770561,0.167399,0.130833,0.761024,0.188354,0.383866,0.180642,0.450601,0.596744,0.056936,0.557317,
0.511429,0.174584,0.325050,0.591738,0.094927,0.417713,0.140689,0.771443,0.166135,0.131049,0.761670,0.187397,0.383089,0.180137,0.451722,0.596000,0.056662,0.558693,
0.512524,0.174526,0.323771,0.592126,0.094654,0.417577,0.141100,0.772318,0.164883,0.131262,0.762326,0.186437,0.382320,0.179627,0.452840,0.595242,0.056392,0.560059,
0.513619,0.174461,0.322503,0.592501,0.094385,0.417441,0.141512,0.773186,0.163641,0.131471,0.762992,0.185475,0.381558,0.179111,0.453956,0.594470,0.056126,0.561417,
0.514713,0.174390,0.321246,0.592861,0.094120,0.417305,0.141924,0.774047,0.162411,0.131678,0.763668,0.184511,0.380802,0.178589,0.455069,0.593685,0.055864,0.562765,
0.515806,0.174312,0.320000,0.593208,0.093857,0.417170,0.142337,0.774900,0.161193,0.131881,0.764352,0.183545,0.380053,0.178063,0.456181,0.592887,0.055607,0.564106,
0.516897,0.174228,0.318764,0.593542,0.093598,0.417034,0.142750,0.775746,0.159986,0.132081,0.765043,0.182579,0.379308,0.177532,0.457292,0.592077,0.055352,0.565438,
0.517987,0.174137,0.317539,0.593864,0.093343,0.416899,0.143164,0.776584,0.158790,0.132279,0.765741,0.181612,0.378568,0.176996,0.458402,0.591255,0.055101,0.566764,
0.519074,0.174041,0.316324,0.594172,0.093090,0.416763,0.143578,0.777414,0.157606,0.132474,0.766444,0.180645,0.377832,0.176455,0.459510,0.590421,0.054853,0.568083,
0.520158,0.173939,0.315120,0.594468,0.092840,0.416628,0.143992,0.778236,0.156434,0.132667,0.767152,0.179679,0.377099,0.175911,0.460618,0.589576,0.054608,0.569395,
0.521240,0.173831,0.313925,0.594753,0.092593,0.416492,0.144406,0.779050,0.155273,0.132858,0.767864,0.178713,0.376370,0.175363,0.461725,0.588720,0.054366,0.570701,
0.522319,0.173717,0.312740,0.595026,0.092349,0.416357,0.144820,0.779856,0.154124,0.133047,0.768580,0.177748,0.375644,0.174811,0.462831,0.587854,0.054127,0.572001,
0.523396,0.173598,0.311565,0.595287,0.092107,0.416221,0.145234,0.780653,0.152986,0.133234,0.769298,0.176784,0.374920,0.174256,0.463937,0.586977,0.053890,0.573295,
0.524468,0.173474,0.310400,0.595538,0.091868,0.416085,0.145648,0.781443,0.151859,0.133419,0.770019,0.175822,0.374198,0.173698,0.465042,0.586091,0.053655,0.574583,
0.525538,0.173345,0.309243,0.595778,0.091631,0.415948,0.146062,0.782224,0.150744,0.133603,0.770741,0.174863,0.373478,0.173138,0.466147,0.585195,0.053424,0.575866,
0.526604,0.173212,0.308096,0.596008,0.091397,0.415811,0.146476,0.782996,0.149641,0.133785,0.771464,0.173905,0.372759,0.172575,0.467251,0.584290,0.053194,0.577144,
0.527667,0.173073,0.306958,0.596229,0.091165,0.415673,0.146890,0.783761,0.148549,0.133965,0.772188,0.172951,0.372041,0.172009,0.468355,0.583377,0.052966,0.578416,
0.528727,0.172930,0.305828,0.596439,0.090935,0.415534,0.147304,0.784517,0.147467,0.134144,0.772912,0.171999,0.371325,0.171442,0.469458,0.582455,0.052741,0.579683,
0.529783,0.172783,0.304707,0.596641,0.090708,0.415394,0.147718,0.785265,0.146398,0.134322,0.773636,0.171050,0.370609,0.170874,0.470560,0.581525,0.052518,0.580945,
0.530836,0.172632,0.303595,0.596834,0.090482,0.415253,0.148131,0.786005,0.145339,0.134499,0.774358,0.170105,0.369893,0.170304,0.471662,0.580587,0.052297,0.582202,
